SET DEFINE OFF;

-- MEMBER Data
INSERT INTO MEMBER (memID, firstName, lastName, phone, email, emergencyContact) VALUES (1, 'Alice', 'Smith', '555-1234', 'alice.smith@email.com', 'Bob Smith 555-1111');
INSERT INTO MEMBER (memID, firstName, lastName, phone, email, emergencyContact) VALUES (2, 'Bob', 'Johnson', '555-5678', 'bob.j@email.com', 'Carol Johnson 555-2222');
INSERT INTO MEMBER (memID, firstName, lastName, phone, email, emergencyContact) VALUES (3, 'Charlie', 'Williams', '555-9101', 'charlie.w@email.com', 'Dana Williams 555-3333');
INSERT INTO MEMBER (memID, firstName, lastName, phone, email, emergencyContact) VALUES (4, 'Diana', 'Brown', '555-1121', 'diana.b@email.com', 'Evan Brown 555-4444');
INSERT INTO MEMBER (memID, firstName, lastName, phone, email, emergencyContact) VALUES (5, 'Ethan', 'Jones', '555-3141', 'ethan.j@email.com', 'Fiona Jones 555-5555');
INSERT INTO MEMBER (memID, firstName, lastName, phone, email, emergencyContact) VALUES (6, 'Fiona', 'Garcia', '555-5161', 'fiona.g@email.com', 'Gary Garcia 555-6666');
INSERT INTO MEMBER (memID, firstName, lastName, phone, email, emergencyContact) VALUES (7, 'George', 'Miller', '555-7181', 'george.m@email.com', 'Helen Miller 555-7777');
INSERT INTO MEMBER (memID, firstName, lastName, phone, email, emergencyContact) VALUES (8, 'Hannah', 'Davis', '555-9202', 'hannah.d@email.com', 'Ian Davis 555-8888');
INSERT INTO MEMBER (memID, firstName, lastName, phone, email, emergencyContact) VALUES (9, 'Ian', 'Rodriguez', '555-1222', 'ian.r@email.com', 'Jane Rodriguez 555-9999');
INSERT INTO MEMBER (memID, firstName, lastName, phone, email, emergencyContact) VALUES (10, 'Jane', 'Martinez', '555-3242', 'jane.m@email.com', 'Kyle Martinez 555-0000');
INSERT INTO MEMBER (memID, firstName, lastName, phone, email, emergencyContact) VALUES (11, 'Kyle', 'Hernandez', '555-5262', 'kyle.h@email.com', 'Laura Hernandez 555-1010');
INSERT INTO MEMBER (memID, firstName, lastName, phone, email, emergencyContact) VALUES (12, 'Laura', 'Lopez', '555-7282', 'laura.l@email.com', 'Mike Lopez 555-2020');
INSERT INTO MEMBER (memID, firstName, lastName, phone, email, emergencyContact) VALUES (13, 'Mike', 'Gonzalez', '555-9303', 'mike.g@email.com', 'Nora Gonzalez 555-3030');
INSERT INTO MEMBER (memID, firstName, lastName, phone, email, emergencyContact) VALUES (14, 'Nora', 'Wilson', '555-1323', 'nora.w@email.com', 'Oliver Wilson 555-4040');
INSERT INTO MEMBER (memID, firstName, lastName, phone, email, emergencyContact) VALUES (15, 'Oliver', 'Anderson', '555-3343', 'oliver.a@email.com', 'Pam Anderson 555-5050');
INSERT INTO MEMBER (memID, firstName, lastName, phone, email, emergencyContact) VALUES (16, 'Pamela', 'Thomas', '555-1001', 'pam.t@example.com', 'Paul Thomas 555-1002');
INSERT INTO MEMBER (memID, firstName, lastName, phone, email, emergencyContact) VALUES (17, 'Quincy', 'Jackson', '555-1003', 'quincy.j@example.com', 'Queenie Jackson 555-1004');
INSERT INTO MEMBER (memID, firstName, lastName, phone, email, emergencyContact) VALUES (18, 'Rachel', 'White', '555-1005', 'rachel.w@example.com', 'Randy White 555-1006');
INSERT INTO MEMBER (memID, firstName, lastName, phone, email, emergencyContact) VALUES (19, 'Samuel', 'Harris', '555-1007', 'samuel.h@example.com', 'Sandra Harris 555-1008');
INSERT INTO MEMBER (memID, firstName, lastName, phone, email, emergencyContact) VALUES (20, 'Tina', 'Martin', '555-1009', 'tina.m@example.com', 'Terry Martin 555-1010');
INSERT INTO MEMBER (memID, firstName, lastName, phone, email, emergencyContact) VALUES (21, 'Ulysses', 'Thompson', '555-1011', 'ulysses.t@example.com', 'Ursula Thompson 555-1012');
INSERT INTO MEMBER (memID, firstName, lastName, phone, email, emergencyContact) VALUES (22, 'Victoria', 'Garcia', '555-1013', 'victoria.g@example.com', 'Victor Garcia 555-1014');
INSERT INTO MEMBER (memID, firstName, lastName, phone, email, emergencyContact) VALUES (23, 'Walter', 'Martinez', '555-1015', 'walter.m@example.com', 'Wanda Martinez 555-1016');
INSERT INTO MEMBER (memID, firstName, lastName, phone, email, emergencyContact) VALUES (24, 'Xena', 'Robinson', '555-1017', 'xena.r@example.com', 'Xavier Robinson 555-1018');
INSERT INTO MEMBER (memID, firstName, lastName, phone, email, emergencyContact) VALUES (25, 'Yancy', 'Clark', '555-1019', 'yancy.c@example.com', 'Yvonne Clark 555-1020');
INSERT INTO MEMBER (memID, firstName, lastName, phone, email, emergencyContact) VALUES (26, 'Zachary', 'Rodriguez', '555-1021', 'zach.r@example.com', 'Zelda Rodriguez 555-1022');
INSERT INTO MEMBER (memID, firstName, lastName, phone, email, emergencyContact) VALUES (27, 'Aaron', 'Lewis', '555-1023', 'aaron.l@example.com', 'Abby Lewis 555-1024');
INSERT INTO MEMBER (memID, firstName, lastName, phone, email, emergencyContact) VALUES (28, 'Brenda', 'Lee', '555-1025', 'brenda.l@example.com', 'Brian Lee 555-1026');
INSERT INTO MEMBER (memID, firstName, lastName, phone, email, emergencyContact) VALUES (29, 'Charles', 'Walker', '555-1027', 'charles.w@example.com', 'Chloe Walker 555-1028');
INSERT INTO MEMBER (memID, firstName, lastName, phone, email, emergencyContact) VALUES (30, 'Deborah', 'Hall', '555-1029', 'deborah.h@example.com', 'David Hall 555-1030');
INSERT INTO MEMBER (memID, firstName, lastName, phone, email, emergencyContact) VALUES (31, 'Edward', 'Allen', '555-1031', 'edward.a@example.com', 'Ella Allen 555-1032');
INSERT INTO MEMBER (memID, firstName, lastName, phone, email, emergencyContact) VALUES (32, 'Frank', 'Young', '555-1033', 'frank.y@example.com', 'Faith Young 555-1034');
INSERT INTO MEMBER (memID, firstName, lastName, phone, email, emergencyContact) VALUES (33, 'Grace', 'King', '555-1035', 'grace.k@example.com', 'Gavin King 555-1036');
INSERT INTO MEMBER (memID, firstName, lastName, phone, email, emergencyContact) VALUES (34, 'Henry', 'Wright', '555-1037', 'henry.w@example.com', 'Hailey Wright 555-1038');
INSERT INTO MEMBER (memID, firstName, lastName, phone, email, emergencyContact) VALUES (35, 'Isabella', 'Scott', '555-1039', 'isabella.s@example.com', 'Isaac Scott 555-1040');
INSERT INTO MEMBER (memID, firstName, lastName, phone, email, emergencyContact) VALUES (36, 'Jack', 'Green', '555-1041', 'jack.g@example.com', 'Jade Green 555-1042');
INSERT INTO MEMBER (memID, firstName, lastName, phone, email, emergencyContact) VALUES (37, 'Karen', 'Adams', '555-1043', 'karen.a@example.com', 'Kevin Adams 555-1044');
INSERT INTO MEMBER (memID, firstName, lastName, phone, email, emergencyContact) VALUES (38, 'Liam', 'Baker', '555-1045', 'liam.b@example.com', 'Lily Baker 555-1046');
INSERT INTO MEMBER (memID, firstName, lastName, phone, email, emergencyContact) VALUES (39, 'Megan', 'Nelson', '555-1047', 'megan.n@example.com', 'Max Nelson 555-1048');
INSERT INTO MEMBER (memID, firstName, lastName, phone, email, emergencyContact) VALUES (40, 'Noah', 'Carter', '555-1049', 'noah.c@example.com', 'Nora Carter 555-1050');
INSERT INTO MEMBER (memID, firstName, lastName, phone, email, emergencyContact) VALUES (41, 'Olivia', 'Mitchell', '555-1051', 'olivia.m@example.com', 'Owen Mitchell 555-1052');
INSERT INTO MEMBER (memID, firstName, lastName, phone, email, emergencyContact) VALUES (42, 'Patrick', 'Perez', '555-1053', 'patrick.p@example.com', 'Paige Perez 555-1054');
INSERT INTO MEMBER (memID, firstName, lastName, phone, email, emergencyContact) VALUES (43, 'Quinn', 'Roberts', '555-1055', 'quinn.r@example.com', 'Quintin Roberts 555-1056');
INSERT INTO MEMBER (memID, firstName, lastName, phone, email, emergencyContact) VALUES (44, 'Riley', 'Turner', '555-1057', 'riley.t@example.com', 'Ryan Turner 555-1058');
INSERT INTO MEMBER (memID, firstName, lastName, phone, email, emergencyContact) VALUES (45, 'Sophia', 'Phillips', '555-1059', 'sophia.p@example.com', 'Sean Phillips 555-1060');
INSERT INTO MEMBER (memID, firstName, lastName, phone, email, emergencyContact) VALUES (46, 'Thomas', 'Campbell', '555-1061', 'thomas.c@example.com', 'Taylor Campbell 555-1062');
INSERT INTO MEMBER (memID, firstName, lastName, phone, email, emergencyContact) VALUES (47, 'Uma', 'Parker', '555-1063', 'uma.p@example.com', 'Uriah Parker 555-1064');
INSERT INTO MEMBER (memID, firstName, lastName, phone, email, emergencyContact) VALUES (48, 'Vincent', 'Evans', '555-1065', 'vincent.e@example.com', 'Violet Evans 555-1066');
INSERT INTO MEMBER (memID, firstName, lastName, phone, email, emergencyContact) VALUES (49, 'Willow', 'Edwards', '555-1067', 'willow.e@example.com', 'William Edwards 555-1068');
INSERT INTO MEMBER (memID, firstName, lastName, phone, email, emergencyContact) VALUES (50, 'Xander', 'Collins', '555-1069', 'xander.c@example.com', 'Ximena Collins 555-1070');
INSERT INTO MEMBER (memID, firstName, lastName, phone, email, emergencyContact) VALUES (51, 'Yasmine', 'Stewart', '555-1071', 'yasmine.s@example.com', 'Yates Stewart 555-1072');
INSERT INTO MEMBER (memID, firstName, lastName, phone, email, emergencyContact) VALUES (52, 'Zoe', 'Morris', '555-1073', 'zoe.m@example.com', 'Zane Morris 555-1074');
INSERT INTO MEMBER (memID, firstName, lastName, phone, email, emergencyContact) VALUES (53, 'Adam', 'Cook', '555-1075', 'adam.c@example.com', 'Amy Cook 555-1076');
INSERT INTO MEMBER (memID, firstName, lastName, phone, email, emergencyContact) VALUES (54, 'Bella', 'Morgan', '555-1077', 'bella.m@example.com', 'Ben Morgan 555-1078');
INSERT INTO MEMBER (memID, firstName, lastName, phone, email, emergencyContact) VALUES (55, 'Caleb', 'Bell', '555-1079', 'caleb.b@example.com', 'Cara Bell 555-1080');
INSERT INTO MEMBER (memID, firstName, lastName, phone, email, emergencyContact) VALUES (56, 'Dylan', 'Murphy', '555-1081', 'dylan.m@example.com', 'Daisy Murphy 555-1082');
INSERT INTO MEMBER (memID, firstName, lastName, phone, email, emergencyContact) VALUES (57, 'Elijah', 'Bailey', '555-1083', 'elijah.b@example.com', 'Eve Bailey 555-1084');
INSERT INTO MEMBER (memID, firstName, lastName, phone, email, emergencyContact) VALUES (58, 'Faith', 'Rivera', '555-1085', 'faith.r@example.com', 'Felix Rivera 555-1086');
INSERT INTO MEMBER (memID, firstName, lastName, phone, email, emergencyContact) VALUES (59, 'Gabriel', 'Cooper', '555-1087', 'gabriel.c@example.com', 'Gia Cooper 555-1088');
INSERT INTO MEMBER (memID, firstName, lastName, phone, email, emergencyContact) VALUES (60, 'Hailey', 'Richardson', '555-1089', 'hailey.r@example.com', 'Harry Richardson 555-1090');
INSERT INTO MEMBER (memID, firstName, lastName, phone, email, emergencyContact) VALUES (61, 'Isaac', 'Cox', '555-1091', 'isaac.c@example.com', 'Ivy Cox 555-1092');
INSERT INTO MEMBER (memID, firstName, lastName, phone, email, emergencyContact) VALUES (62, 'Jasmine', 'Howard', '555-1093', 'jasmine.h@example.com', 'Jason Howard 555-1094');
INSERT INTO MEMBER (memID, firstName, lastName, phone, email, emergencyContact) VALUES (63, 'Kevin', 'Ward', '555-1095', 'kevin.w@example.com', 'Kylie Ward 555-1096');
INSERT INTO MEMBER (memID, firstName, lastName, phone, email, emergencyContact) VALUES (64, 'Layla', 'Torres', '555-1097', 'layla.t@example.com', 'Leo Torres 555-1098');
INSERT INTO MEMBER (memID, firstName, lastName, phone, email, emergencyContact) VALUES (65, 'Michael', 'Peterson', '555-1099', 'michael.p@example.com', 'Mia Peterson 555-1100');
INSERT INTO MEMBER (memID, firstName, lastName, phone, email, emergencyContact) VALUES (66, 'Natalie', 'Gray', '555-1101', 'natalie.g@example.com', 'Nathan Gray 555-1102');
INSERT INTO MEMBER (memID, firstName, lastName, phone, email, emergencyContact) VALUES (67, 'Owen', 'Ramirez', '555-1103', 'owen.r@example.com', 'Odette Ramirez 555-1104');
INSERT INTO MEMBER (memID, firstName, lastName, phone, email, emergencyContact) VALUES (68, 'Penelope', 'James', '555-1105', 'penelope.j@example.com', 'Peter James 555-1106');
INSERT INTO MEMBER (memID, firstName, lastName, phone, email, emergencyContact) VALUES (69, 'Robert', 'Watson', '555-1107', 'robert.w@example.com', 'Ruby Watson 555-1108');
INSERT INTO MEMBER (memID, firstName, lastName, phone, email, emergencyContact) VALUES (70, 'Savannah', 'Brooks', '555-1109', 'savannah.b@example.com', 'Seth Brooks 555-1110');
INSERT INTO MEMBER (memID, firstName, lastName, phone, email, emergencyContact) VALUES (71, 'Tyler', 'Kelly', '555-1111', 'tyler.k@example.com', 'Tessa Kelly 555-1112');
INSERT INTO MEMBER (memID, firstName, lastName, phone, email, emergencyContact) VALUES (72, 'Victoria', 'Sanders', '555-1113', 'victoria.s@example.com', 'Vance Sanders 555-1114');
INSERT INTO MEMBER (memID, firstName, lastName, phone, email, emergencyContact) VALUES (73, 'Wyatt', 'Price', '555-1115', 'wyatt.p@example.com', 'Wendy Price 555-1116');
INSERT INTO MEMBER (memID, firstName, lastName, phone, email, emergencyContact) VALUES (74, 'Ximena', 'Bennett', '555-1117', 'ximena.b@example.com', 'Xylon Bennett 555-1118');
INSERT INTO MEMBER (memID, firstName, lastName, phone, email, emergencyContact) VALUES (75, 'Yusuf', 'Wood', '555-1119', 'yusuf.w@example.com', 'Yara Wood 555-1120');
COMMIT;

-- EMPLOYEE Data
INSERT INTO EMPLOYEE (empID, name, phone, salary) VALUES (101, 'Peter Jones', '555-0101', 60000);
INSERT INTO EMPLOYEE (empID, name, phone, salary) VALUES (102, 'Quinn Davis', '555-0202', 55000);
INSERT INTO EMPLOYEE (empID, name, phone, salary) VALUES (103, 'Rachel Green', '555-0303', 52000);
INSERT INTO EMPLOYEE (empID, name, phone, salary) VALUES (104, 'Sam Adams', '555-0404', 70000);
INSERT INTO EMPLOYEE (empID, name, phone, salary) VALUES (105, 'Tina White', '555-0505', 48000);
INSERT INTO EMPLOYEE (empID, name, phone, salary) VALUES (106, 'Uma Thurman', '555-0606', 53000);
INSERT INTO EMPLOYEE (empID, name, phone, salary) VALUES (107, 'Victor Black', '555-0707', 54000);
INSERT INTO EMPLOYEE (empID, name, phone, salary) VALUES (108, 'Wendy Blue', '555-0808', 51000);
INSERT INTO EMPLOYEE (empID, name, phone, salary) VALUES (109, 'Xavier Red', '555-0909', 49000);
INSERT INTO EMPLOYEE (empID, name, phone, salary) VALUES (110, 'Yara Yellow', '555-1010', 56000);
INSERT INTO EMPLOYEE (empID, name, phone, salary) VALUES (111, 'Zack Zebra', '555-1111', 50000);
INSERT INTO EMPLOYEE (empID, name, phone, salary) VALUES (112, 'Arthur King', '555-2001', 62000);
INSERT INTO EMPLOYEE (empID, name, phone, salary) VALUES (113, 'Brenda Starr', '555-2002', 58000);
INSERT INTO EMPLOYEE (empID, name, phone, salary) VALUES (114, 'Carl Sagan', '555-2003', 75000);
INSERT INTO EMPLOYEE (empID, name, phone, salary) VALUES (115, 'Diana Prince', '555-2004', 51000);
INSERT INTO EMPLOYEE (empID, name, phone, salary) VALUES (116, 'Edward Scissorhands', '555-2005', 47000);
INSERT INTO EMPLOYEE (empID, name, phone, salary) VALUES (117, 'Fiona Apple', '555-2006', 59000);
INSERT INTO EMPLOYEE (empID, name, phone, salary) VALUES (118, 'George Jetson', '555-2007', 53000);
INSERT INTO EMPLOYEE (empID, name, phone, salary) VALUES (119, 'Helen Troy', '555-2008', 55000);
INSERT INTO EMPLOYEE (empID, name, phone, salary) VALUES (120, 'Isaac Newton', '555-2009', 80000);
INSERT INTO EMPLOYEE (empID, name, phone, salary) VALUES (121, 'Jane Eyre', '555-2010', 52000);
INSERT INTO EMPLOYEE (empID, name, phone, salary) VALUES (122, 'Kevin McCallister', '555-2011', 49000);
INSERT INTO EMPLOYEE (empID, name, phone, salary) VALUES (123, 'Laura Palmer', '555-2012', 57000);
INSERT INTO EMPLOYEE (empID, name, phone, salary) VALUES (124, 'Michael Knight', '555-2013', 61000);
INSERT INTO EMPLOYEE (empID, name, phone, salary) VALUES (125, 'Nancy Drew', '555-2014', 54000);
INSERT INTO EMPLOYEE (empID, name, phone, salary) VALUES (126, 'Oliver Twist', '555-2015', 48000);
INSERT INTO EMPLOYEE (empID, name, phone, salary) VALUES (127, 'Penelope Pitstop', '555-2016', 56000);
INSERT INTO EMPLOYEE (empID, name, phone, salary) VALUES (128, 'Roger Rabbit', '555-2017', 50000);
INSERT INTO EMPLOYEE (empID, name, phone, salary) VALUES (129, 'Sarah Connor', '555-2018', 65000);
INSERT INTO EMPLOYEE (empID, name, phone, salary) VALUES (130, 'Tom Sawyer', '555-2019', 53000);
COMMIT;

-- TRAIL Data
INSERT INTO TRAIL (trailID, category, name, "start", "end", "level", status) VALUES (201, 'Alpine', 'Bunny Hill', 'Base Area', 'Mid Station', 'Beginner', 'Open');
INSERT INTO TRAIL (trailID, category, name, "start", "end", "level", status) VALUES (202, 'Alpine', 'Easy Street', 'Top of Chair 1', 'Base Area', 'Beginner', 'Open');
INSERT INTO TRAIL (trailID, category, name, "start", "end", "level", status) VALUES (203, 'Alpine', 'Blue Ridge Run', 'Top of Chair 2', 'Mid Station', 'Intermediate', 'Open');
INSERT INTO TRAIL (trailID, category, name, "start", "end", "level", status) VALUES (204, 'Alpine', 'Horizon', 'Summit', 'Base Area', 'Intermediate', 'Closed');
INSERT INTO TRAIL (trailID, category, name, "start", "end", "level", status) VALUES (205, 'Alpine', 'Black Diamond', 'Summit', 'Mid Station', 'Expert', 'Open');
INSERT INTO TRAIL (trailID, category, name, "start", "end", "level", status) VALUES (206, 'Alpine', 'The Chute', 'Summit', 'Ridge Line', 'Expert', 'Closed');
INSERT INTO TRAIL (trailID, category, name, "start", "end", "level", status) VALUES (207, 'Terrain Park', 'Jib Junction', 'Mid Station', 'Base Area', 'Intermediate', 'Open');
INSERT INTO TRAIL (trailID, category, name, "start", "end", "level", status) VALUES (208, 'Alpine', 'Ridge Runner', 'Top of Chair 3', 'Base Area', 'Intermediate', 'Open');
INSERT INTO TRAIL (trailID, category, name, "start", "end", "level", status) VALUES (209, 'Alpine', 'Powder Peak', 'Summit', 'Base Area', 'Expert', 'Open');
INSERT INTO TRAIL (trailID, category, name, "start", "end", "level", status) VALUES (210, 'Glades', 'Whispering Pines', 'Top of Chair 2', 'Mid Station', 'Expert', 'Open');
INSERT INTO TRAIL (trailID, category, name, "start", "end", "level", status) VALUES (211, 'Nordic', 'Meadow Loop', 'Nordic Center', 'Nordic Center', 'Beginner', 'Open');
INSERT INTO TRAIL (trailID, category, name, "start", "end", "level", status) VALUES (212, 'Alpine', 'Snowflake Alley', 'Top of Chair 1', 'Base Area', 'Beginner', 'Open');
INSERT INTO TRAIL (trailID, category, name, "start", "end", "level", status) VALUES (213, 'Alpine', 'Grizzly Gulch', 'Summit', 'Valley Floor', 'Expert', 'Open');
INSERT INTO TRAIL (trailID, category, name, "start", "end", "level", status) VALUES (214, 'Alpine', 'Serenity Slope', 'Top of Chair 4', 'Mid Station', 'Intermediate', 'Open');
INSERT INTO TRAIL (trailID, category, name, "start", "end", "level", status) VALUES (215, 'Terrain Park', 'Launch Pad', 'Mid Station', 'Base Area', 'Advanced', 'Open');
INSERT INTO TRAIL (trailID, category, name, "start", "end", "level", status) VALUES (216, 'Glades', 'Shadow Woods', 'Top of Chair 5', 'Ridge Line', 'Expert', 'Open');
INSERT INTO TRAIL (trailID, category, name, "start", "end", "level", status) VALUES (217, 'Alpine', 'Coyote Canyon', 'Top of Chair 3', 'Valley Floor', 'Intermediate', 'Closed');
INSERT INTO TRAIL (trailID, category, name, "start", "end", "level", status) VALUES (218, 'Nordic', 'Forest Trail', 'Nordic Center', 'Lookout Point', 'Intermediate', 'Open');
INSERT INTO TRAIL (trailID, category, name, "start", "end", "level", status) VALUES (219, 'Alpine', 'Avalanche Alley', 'Summit Backside', 'Remote Base', 'Expert Only', 'Open');
INSERT INTO TRAIL (trailID, category, name, "start", "end", "level", status) VALUES (220, 'Alpine', 'Sunset Cruise', 'Top of Gondola', 'Base Village', 'Beginner', 'Open');
COMMIT;

-- LIFT Data
INSERT INTO LIFT (liftID, trailID, name, "open", "close", "level", status) VALUES (301, 202, 'Chair 1 (Beginner)', '09:00', '16:00', 'Base', 'Operating');
INSERT INTO LIFT (liftID, trailID, name, "open", "close", "level", status) VALUES (302, 203, 'Chair 2 (Intermediate)', '08:30', '16:30', 'Base', 'Operating');
INSERT INTO LIFT (liftID, trailID, name, "open", "close", "level", status) VALUES (303, 208, 'Chair 3 (Ridge)', '08:30', '16:00', 'Mid-mountain', 'Operating');
INSERT INTO LIFT (liftID, trailID, name, "open", "close", "level", status) VALUES (304, 205, 'Summit Gondola', '08:00', '16:30', 'Base', 'Operating');
INSERT INTO LIFT (liftID, trailID, name, "open", "close", "level", status) VALUES (305, 201, 'Magic Carpet', '09:00', '15:30', 'Base', 'Operating');
INSERT INTO LIFT (liftID, trailID, name, "open", "close", "level", status) VALUES (306, NULL, 'Surface Lift (Park)', '10:00', '15:00', 'Mid-mountain', 'Hold');
INSERT INTO LIFT (liftID, trailID, name, "open", "close", "level", status) VALUES (307, 210, 'Chair 4 (Glades)', '09:00', '15:30', 'Mid-mountain', 'Closed');
INSERT INTO LIFT (liftID, trailID, name, "open", "close", "level", status) VALUES (308, NULL, 'T-Bar Express', '08:30', '16:00', 'Mid-mountain', 'Operating');
INSERT INTO LIFT (liftID, trailID, name, "open", "close", "level", status) VALUES (309, 209, 'Chair 5 (Peak)', '08:00', '16:00', 'Base', 'Operating');
INSERT INTO LIFT (liftID, trailID, name, "open", "close", "level", status) VALUES (310, NULL, 'Nordic Access Lift', '09:30', '15:00', 'Base', 'Operating');
INSERT INTO LIFT (liftID, trailID, name, "open", "close", "level", status) VALUES (311, 214, 'Chair 4 (Serenity)', '09:15', '16:15', 'Base', 'Operating');
INSERT INTO LIFT (liftID, trailID, name, "open", "close", "level", status) VALUES (312, 216, 'Chair 5 (Shadow)', '08:45', '15:45', 'Mid-mountain', 'Operating');
INSERT INTO LIFT (liftID, trailID, name, "open", "close", "level", status) VALUES (313, 219, 'Backside Expedition Lift', '09:30', '14:30', 'Remote Base', 'Hold');
INSERT INTO LIFT (liftID, trailID, name, "open", "close", "level", status) VALUES (314, 207, 'Park Pro Platter', '10:00', '16:00', 'Mid-mountain', 'Operating');
INSERT INTO LIFT (liftID, trailID, name, "open", "close", "level", status) VALUES (315, 220, 'Gondola Access Lift', '07:45', '17:00', 'Base Village', 'Operating');
COMMIT;

-- INVENTORY Data
INSERT INTO INVENTORY (eID, type, "size", isActive, isAvailable) VALUES (401, 'Skis', '165cm', 1, 1);
INSERT INTO INVENTORY (eID, type, "size", isActive, isAvailable) VALUES (402, 'Skis', '175cm', 1, 1);
INSERT INTO INVENTORY (eID, type, "size", isActive, isAvailable) VALUES (403, 'Skis', '155cm', 1, 0);
INSERT INTO INVENTORY (eID, type, "size", isActive, isAvailable) VALUES (404, 'Snowboard', '150cm', 1, 1);
INSERT INTO INVENTORY (eID, type, "size", isActive, isAvailable) VALUES (405, 'Snowboard', '158cm', 1, 1);
INSERT INTO INVENTORY (eID, type, "size", isActive, isAvailable) VALUES (406, 'Snowboard', '145cm', 1, 0);
INSERT INTO INVENTORY (eID, type, "size", isActive, isAvailable) VALUES (407, 'Ski Boots', '26.5', 1, 1);
INSERT INTO INVENTORY (eID, type, "size", isActive, isAvailable) VALUES (408, 'Ski Boots', '27.5', 1, 0);
INSERT INTO INVENTORY (eID, type, "size", isActive, isAvailable) VALUES (409, 'Ski Boots', '24.5', 1, 1);
INSERT INTO INVENTORY (eID, type, "size", isActive, isAvailable) VALUES (410, 'Snowboard Boots', '10', 1, 1);
INSERT INTO INVENTORY (eID, type, "size", isActive, isAvailable) VALUES (411, 'Snowboard Boots', '9', 1, 1);
INSERT INTO INVENTORY (eID, type, "size", isActive, isAvailable) VALUES (412, 'Helmet', 'M', 1, 1);
INSERT INTO INVENTORY (eID, type, "size", isActive, isAvailable) VALUES (413, 'Helmet', 'L', 1, 0);
INSERT INTO INVENTORY (eID, type, "size", isActive, isAvailable) VALUES (414, 'Helmet', 'S', 1, 1);
INSERT INTO INVENTORY (eID, type, "size", isActive, isAvailable) VALUES (415, 'Ski Poles', '120cm', 1, 1);
INSERT INTO INVENTORY (eID, type, "size", isActive, isAvailable) VALUES (416, 'Ski Poles', '115cm', 1, 0);
INSERT INTO INVENTORY (eID, type, "size", isActive, isAvailable) VALUES (417, 'Ski Poles', '125cm', 1, 1);
INSERT INTO INVENTORY (eID, type, "size", isActive, isAvailable) VALUES (418, 'Skis', '165cm', 1, 1);
INSERT INTO INVENTORY (eID, type, "size", isActive, isAvailable) VALUES (419, 'Snowboard', '158cm', 0, 0);
INSERT INTO INVENTORY (eID, type, "size", isActive, isAvailable) VALUES (420, 'Helmet', 'M', 1, 1);
INSERT INTO INVENTORY (eID, type, "size", isActive, isAvailable) VALUES (421, 'Skis', '180cm', 1, 1);
INSERT INTO INVENTORY (eID, type, "size", isActive, isAvailable) VALUES (422, 'Skis', '140cm (Kids)', 1, 1);
INSERT INTO INVENTORY (eID, type, "size", isActive, isAvailable) VALUES (423, 'Snowboard', '162cm', 1, 1);
INSERT INTO INVENTORY (eID, type, "size", isActive, isAvailable) VALUES (424, 'Snowboard', '135cm (Kids)', 1, 0);
INSERT INTO INVENTORY (eID, type, "size", isActive, isAvailable) VALUES (425, 'Ski Boots', '28.5', 1, 1);
INSERT INTO INVENTORY (eID, type, "size", isActive, isAvailable) VALUES (426, 'Ski Boots', '22.5 (Kids)', 1, 1);
INSERT INTO INVENTORY (eID, type, "size", isActive, isAvailable) VALUES (427, 'Snowboard Boots', '11', 1, 1);
INSERT INTO INVENTORY (eID, type, "size", isActive, isAvailable) VALUES (428, 'Snowboard Boots', '7 (Kids)', 1, 1);
INSERT INTO INVENTORY (eID, type, "size", isActive, isAvailable) VALUES (429, 'Helmet', 'XL', 1, 1);
INSERT INTO INVENTORY (eID, type, "size", isActive, isAvailable) VALUES (430, 'Helmet', 'XS (Kids)', 1, 1);
INSERT INTO INVENTORY (eID, type, "size", isActive, isAvailable) VALUES (431, 'Ski Poles', '130cm', 1, 1);
INSERT INTO INVENTORY (eID, type, "size", isActive, isAvailable) VALUES (432, 'Ski Poles', '100cm (Kids)', 1, 1);
INSERT INTO INVENTORY (eID, type, "size", isActive, isAvailable) VALUES (433, 'Goggles', 'Adult', 1, 1);
INSERT INTO INVENTORY (eID, type, "size", isActive, isAvailable) VALUES (434, 'Goggles', 'Kids', 1, 0);
INSERT INTO INVENTORY (eID, type, "size", isActive, isAvailable) VALUES (435, 'Cross-Country Skis', '190cm', 1, 1);
INSERT INTO INVENTORY (eID, type, "size", isActive, isAvailable) VALUES (436, 'Cross-Country Boots', '42', 1, 1);
INSERT INTO INVENTORY (eID, type, "size", isActive, isAvailable) VALUES (437, 'Snowshoes', 'Adult', 1, 1);
INSERT INTO INVENTORY (eID, type, "size", isActive, isAvailable) VALUES (438, 'Snowshoes', 'Kids', 1, 1);
INSERT INTO INVENTORY (eID, type, "size", isActive, isAvailable) VALUES (439, 'Ski Jacket', 'M', 1, 1);
INSERT INTO INVENTORY (eID, type, "size", isActive, isAvailable) VALUES (440, 'Ski Pants', 'L', 1, 1);
INSERT INTO INVENTORY (eID, type, "size", isActive, isAvailable) VALUES (441, 'Gloves', 'M', 1, 1);
INSERT INTO INVENTORY (eID, type, "size", isActive, isAvailable) VALUES (442, 'Skis', '170cm (Demo)', 1, 1);
INSERT INTO INVENTORY (eID, type, "size", isActive, isAvailable) VALUES (443, 'Snowboard', '155cm (Demo)', 1, 0);
INSERT INTO INVENTORY (eID, type, "size", isActive, isAvailable) VALUES (444, 'Ski Boots', '25.5 (Performance)', 1, 1);
INSERT INTO INVENTORY (eID, type, "size", isActive, isAvailable) VALUES (445, 'Snowboard Boots', '8 (Performance)', 1, 1);
INSERT INTO INVENTORY (eID, type, "size", isActive, isAvailable) VALUES (446, 'Helmet (Premium)', 'M', 1, 1);
INSERT INTO INVENTORY (eID, type, "size", isActive, isAvailable) VALUES (447, 'Backcountry Skis', '177cm', 1, 1);
INSERT INTO INVENTORY (eID, type, "size", isActive, isAvailable) VALUES (448, 'Avalanche Beacon', 'Standard', 1, 0);
INSERT INTO INVENTORY (eID, type, "size", isActive, isAvailable) VALUES (449, 'Shovel', 'Collapsible', 1, 1);
INSERT INTO INVENTORY (eID, type, "size", isActive, isAvailable) VALUES (450, 'Probe', '240cm', 1, 1);
COMMIT;

-- PASS Data
INSERT INTO PASS (passNo, memID, type, remainingUses, totalUses, purchaseTime, expDate, price, isActive) VALUES ('P-0001', 1, 'Season', NULL, NULL, TO_TIMESTAMP('2023-10-15 09:30:00', 'YYYY-MM-DD HH24:MI:SS'), TO_DATE('2024-04-30', 'YYYY-MM-DD'), 899.00, 1);
INSERT INTO PASS (passNo, memID, type, remainingUses, totalUses, purchaseTime, expDate, price, isActive) VALUES ('P-0002', 2, 'Day', 1, 1, TO_TIMESTAMP('2024-01-20 08:15:00', 'YYYY-MM-DD HH24:MI:SS'), TO_DATE('2024-01-20', 'YYYY-MM-DD'), 120.00, 1);
INSERT INTO PASS (passNo, memID, type, remainingUses, totalUses, purchaseTime, expDate, price, isActive) VALUES ('P-0003', 3, '5-Lesson Pack', 4, 5, TO_TIMESTAMP('2023-11-01 11:00:00', 'YYYY-MM-DD HH24:MI:SS'), TO_DATE('2024-04-30', 'YYYY-MM-DD'), 450.00, 1);
INSERT INTO PASS (passNo, memID, type, remainingUses, totalUses, purchaseTime, expDate, price, isActive) VALUES ('P-0004', 4, '10-Use', 8, 10, TO_TIMESTAMP('2023-11-10 14:20:00', 'YYYY-MM-DD HH24:MI:SS'), TO_DATE('2024-04-30', 'YYYY-MM-DD'), 950.00, 1);
INSERT INTO PASS (passNo, memID, type, remainingUses, totalUses, purchaseTime, expDate, price, isActive) VALUES ('P-0005', 5, 'Season', NULL, NULL, TO_TIMESTAMP('2023-09-25 10:00:00', 'YYYY-MM-DD HH24:MI:SS'), TO_DATE('2024-04-30', 'YYYY-MM-DD'), 850.00, 1);
INSERT INTO PASS (passNo, memID, type, remainingUses, totalUses, purchaseTime, expDate, price, isActive) VALUES ('P-0006', 6, 'Day', 0, 1, TO_TIMESTAMP('2024-01-15 09:05:00', 'YYYY-MM-DD HH24:MI:SS'), TO_DATE('2024-01-15', 'YYYY-MM-DD'), 120.00, 0);
INSERT INTO PASS (passNo, memID, type, remainingUses, totalUses, purchaseTime, expDate, price, isActive) VALUES ('P-0007', 7, 'Midweek Season', NULL, NULL, TO_TIMESTAMP('2023-10-20 16:00:00', 'YYYY-MM-DD HH24:MI:SS'), TO_DATE('2024-04-30', 'YYYY-MM-DD'), 599.00, 1);
INSERT INTO PASS (passNo, memID, type, remainingUses, totalUses, purchaseTime, expDate, price, isActive) VALUES ('P-0008', 8, '5-Lesson Pack', 5, 5, TO_TIMESTAMP('2024-01-05 13:00:00', 'YYYY-MM-DD HH24:MI:SS'), TO_DATE('2024-04-30', 'YYYY-MM-DD'), 450.00, 1);
INSERT INTO PASS (passNo, memID, type, remainingUses, totalUses, purchaseTime, expDate, price, isActive) VALUES ('P-0009', 9, '10-Use', 10, 10, TO_TIMESTAMP('2023-12-15 10:10:10', 'YYYY-MM-DD HH24:MI:SS'), TO_DATE('2024-04-30', 'YYYY-MM-DD'), 950.00, 1);
INSERT INTO PASS (passNo, memID, type, remainingUses, totalUses, purchaseTime, expDate, price, isActive) VALUES ('P-0010', 10, 'Season', NULL, NULL, TO_TIMESTAMP('2023-10-01 12:00:00', 'YYYY-MM-DD HH24:MI:SS'), TO_DATE('2024-04-30', 'YYYY-MM-DD'), 899.00, 1);
INSERT INTO PASS (passNo, memID, type, remainingUses, totalUses, purchaseTime, expDate, price, isActive) VALUES ('P-0011', 1, 'Day', 1, 1, TO_TIMESTAMP('2024-01-21 08:30:00', 'YYYY-MM-DD HH24:MI:SS'), TO_DATE('2024-01-21', 'YYYY-MM-DD'), 125.00, 1);
INSERT INTO PASS (passNo, memID, type, remainingUses, totalUses, purchaseTime, expDate, price, isActive) VALUES ('P-0012', 11, 'Season', NULL, NULL, TO_TIMESTAMP('2023-11-05 15:00:00', 'YYYY-MM-DD HH24:MI:SS'), TO_DATE('2024-04-30', 'YYYY-MM-DD'), 899.00, 1);
INSERT INTO PASS (passNo, memID, type, remainingUses, totalUses, purchaseTime, expDate, price, isActive) VALUES ('P-0013', 12, '10-Use', 7, 10, TO_TIMESTAMP('2023-12-01 09:00:00', 'YYYY-MM-DD HH24:MI:SS'), TO_DATE('2024-04-30', 'YYYY-MM-DD'), 950.00, 1);
INSERT INTO PASS (passNo, memID, type, remainingUses, totalUses, purchaseTime, expDate, price, isActive) VALUES ('P-0014', 13, 'Day', 1, 1, TO_TIMESTAMP('2024-01-22 08:00:00', 'YYYY-MM-DD HH24:MI:SS'), TO_DATE('2024-01-22', 'YYYY-MM-DD'), 125.00, 1);
INSERT INTO PASS (passNo, memID, type, remainingUses, totalUses, purchaseTime, expDate, price, isActive) VALUES ('P-0015', 14, 'Midweek Season', NULL, NULL, TO_TIMESTAMP('2023-10-25 11:45:00', 'YYYY-MM-DD HH24:MI:SS'), TO_DATE('2024-04-30', 'YYYY-MM-DD'), 599.00, 1);
INSERT INTO PASS (passNo, memID, type, remainingUses, totalUses, purchaseTime, expDate, price, isActive) VALUES ('P-0016', 16, 'Season', NULL, NULL, TO_TIMESTAMP('2023-10-01 09:00:00', 'YYYY-MM-DD HH24:MI:SS'), TO_DATE('2024-04-30', 'YYYY-MM-DD'), 899.00, 1);
INSERT INTO PASS (passNo, memID, type, remainingUses, totalUses, purchaseTime, expDate, price, isActive) VALUES ('P-0017', 17, 'Day', 1, 1, TO_TIMESTAMP('2024-01-23 08:00:00', 'YYYY-MM-DD HH24:MI:SS'), TO_DATE('2024-01-23', 'YYYY-MM-DD'), 130.00, 1);
INSERT INTO PASS (passNo, memID, type, remainingUses, totalUses, purchaseTime, expDate, price, isActive) VALUES ('P-0018', 18, '3-Lesson Pack', 3, 3, TO_TIMESTAMP('2023-11-15 10:00:00', 'YYYY-MM-DD HH24:MI:SS'), TO_DATE('2024-04-30', 'YYYY-MM-DD'), 280.00, 1);
INSERT INTO PASS (passNo, memID, type, remainingUses, totalUses, purchaseTime, expDate, price, isActive) VALUES ('P-0019', 19, '5-Use', 5, 5, TO_TIMESTAMP('2023-12-01 13:00:00', 'YYYY-MM-DD HH24:MI:SS'), TO_DATE('2024-04-30', 'YYYY-MM-DD'), 500.00, 1);
INSERT INTO PASS (passNo, memID, type, remainingUses, totalUses, purchaseTime, expDate, price, isActive) VALUES ('P-0020', 20, 'Season', NULL, NULL, TO_TIMESTAMP('2023-09-20 14:00:00', 'YYYY-MM-DD HH24:MI:SS'), TO_DATE('2024-04-30', 'YYYY-MM-DD'), 850.00, 1);
INSERT INTO PASS (passNo, memID, type, remainingUses, totalUses, purchaseTime, expDate, price, isActive) VALUES ('P-0021', 21, 'Day', 0, 1, TO_TIMESTAMP('2024-01-10 09:30:00', 'YYYY-MM-DD HH24:MI:SS'), TO_DATE('2024-01-10', 'YYYY-MM-DD'), 130.00, 0);
INSERT INTO PASS (passNo, memID, type, remainingUses, totalUses, purchaseTime, expDate, price, isActive) VALUES ('P-0022', 22, 'Weekend Warrior', NULL, NULL, TO_TIMESTAMP('2023-10-22 17:00:00', 'YYYY-MM-DD HH24:MI:SS'), TO_DATE('2024-04-30', 'YYYY-MM-DD'), 699.00, 1);
INSERT INTO PASS (passNo, memID, type, remainingUses, totalUses, purchaseTime, expDate, price, isActive) VALUES ('P-0023', 23, 'Single Lesson', 1, 1, TO_TIMESTAMP('2024-01-18 12:00:00', 'YYYY-MM-DD HH24:MI:SS'), TO_DATE('2024-04-30', 'YYYY-MM-DD'), 100.00, 1);
INSERT INTO PASS (passNo, memID, type, remainingUses, totalUses, purchaseTime, expDate, price, isActive) VALUES ('P-0024', 24, '10-Use Nordic', 9, 10, TO_TIMESTAMP('2023-12-20 11:11:11', 'YYYY-MM-DD HH24:MI:SS'), TO_DATE('2024-04-30', 'YYYY-MM-DD'), 450.00, 1);
INSERT INTO PASS (passNo, memID, type, remainingUses, totalUses, purchaseTime, expDate, price, isActive) VALUES ('P-0025', 25, 'Season Family Addon', NULL, NULL, TO_TIMESTAMP('2023-10-05 10:30:00', 'YYYY-MM-DD HH24:MI:SS'), TO_DATE('2024-04-30', 'YYYY-MM-DD'), 499.00, 1);
INSERT INTO PASS (passNo, memID, type, remainingUses, totalUses, purchaseTime, expDate, price, isActive) VALUES ('P-0026', 26, 'Day', 1, 1, TO_TIMESTAMP('2024-01-24 08:45:00', 'YYYY-MM-DD HH24:MI:SS'), TO_DATE('2024-01-24', 'YYYY-MM-DD'), 130.00, 1);
INSERT INTO PASS (passNo, memID, type, remainingUses, totalUses, purchaseTime, expDate, price, isActive) VALUES ('P-0027', 27, 'Season', NULL, NULL, TO_TIMESTAMP('2023-11-01 16:00:00', 'YYYY-MM-DD HH24:MI:SS'), TO_DATE('2024-04-30', 'YYYY-MM-DD'), 899.00, 1);
INSERT INTO PASS (passNo, memID, type, remainingUses, totalUses, purchaseTime, expDate, price, isActive) VALUES ('P-0028', 28, '5-Use', 3, 5, TO_TIMESTAMP('2023-12-10 08:00:00', 'YYYY-MM-DD HH24:MI:SS'), TO_DATE('2024-04-30', 'YYYY-MM-DD'), 500.00, 1);
INSERT INTO PASS (passNo, memID, type, remainingUses, totalUses, purchaseTime, expDate, price, isActive) VALUES ('P-0029', 29, 'Day', 1, 1, TO_TIMESTAMP('2024-01-25 07:50:00', 'YYYY-MM-DD HH24:MI:SS'), TO_DATE('2024-01-25', 'YYYY-MM-DD'), 130.00, 1);
INSERT INTO PASS (passNo, memID, type, remainingUses, totalUses, purchaseTime, expDate, price, isActive) VALUES ('P-0030', 30, 'Midweek Season', NULL, NULL, TO_TIMESTAMP('2023-10-30 10:15:00', 'YYYY-MM-DD HH24:MI:SS'), TO_DATE('2024-04-30', 'YYYY-MM-DD'), 599.00, 1);
INSERT INTO PASS (passNo, memID, type, remainingUses, totalUses, purchaseTime, expDate, price, isActive) VALUES ('P-0031', 31, 'Season', NULL, NULL, TO_TIMESTAMP('2023-10-02 11:00:00', 'YYYY-MM-DD HH24:MI:SS'), TO_DATE('2024-04-30', 'YYYY-MM-DD'), 899.00, 1);
INSERT INTO PASS (passNo, memID, type, remainingUses, totalUses, purchaseTime, expDate, price, isActive) VALUES ('P-0032', 32, 'Day', 1, 1, TO_TIMESTAMP('2024-01-28 08:10:00', 'YYYY-MM-DD HH24:MI:SS'), TO_DATE('2024-01-28', 'YYYY-MM-DD'), 130.00, 1);
INSERT INTO PASS (passNo, memID, type, remainingUses, totalUses, purchaseTime, expDate, price, isActive) VALUES ('P-0033', 33, '5-Lesson Pack', 5, 5, TO_TIMESTAMP('2023-11-20 12:00:00', 'YYYY-MM-DD HH24:MI:SS'), TO_DATE('2024-04-30', 'YYYY-MM-DD'), 450.00, 1);
INSERT INTO PASS (passNo, memID, type, remainingUses, totalUses, purchaseTime, expDate, price, isActive) VALUES ('P-0034', 34, '10-Use', 10, 10, TO_TIMESTAMP('2023-12-05 14:00:00', 'YYYY-MM-DD HH24:MI:SS'), TO_DATE('2024-04-30', 'YYYY-MM-DD'), 950.00, 1);
INSERT INTO PASS (passNo, memID, type, remainingUses, totalUses, purchaseTime, expDate, price, isActive) VALUES ('P-0035', 35, 'Season', NULL, NULL, TO_TIMESTAMP('2023-09-28 15:00:00', 'YYYY-MM-DD HH24:MI:SS'), TO_DATE('2024-04-30', 'YYYY-MM-DD'), 850.00, 1);
INSERT INTO PASS (passNo, memID, type, remainingUses, totalUses, purchaseTime, expDate, price, isActive) VALUES ('P-0036', 36, 'Day', 0, 1, TO_TIMESTAMP('2024-01-12 09:00:00', 'YYYY-MM-DD HH24:MI:SS'), TO_DATE('2024-01-12', 'YYYY-MM-DD'), 130.00, 0);
INSERT INTO PASS (passNo, memID, type, remainingUses, totalUses, purchaseTime, expDate, price, isActive) VALUES ('P-0037', 37, 'Midweek Season', NULL, NULL, TO_TIMESTAMP('2023-10-25 16:30:00', 'YYYY-MM-DD HH24:MI:SS'), TO_DATE('2024-04-30', 'YYYY-MM-DD'), 599.00, 1);
INSERT INTO PASS (passNo, memID, type, remainingUses, totalUses, purchaseTime, expDate, price, isActive) VALUES ('P-0038', 38, '3-Lesson Pack', 2, 3, TO_TIMESTAMP('2024-01-10 13:30:00', 'YYYY-MM-DD HH24:MI:SS'), TO_DATE('2024-04-30', 'YYYY-MM-DD'), 280.00, 1);
INSERT INTO PASS (passNo, memID, type, remainingUses, totalUses, purchaseTime, expDate, price, isActive) VALUES ('P-0039', 39, '5-Use', 4, 5, TO_TIMESTAMP('2023-12-22 10:30:30', 'YYYY-MM-DD HH24:MI:SS'), TO_DATE('2024-04-30', 'YYYY-MM-DD'), 500.00, 1);
INSERT INTO PASS (passNo, memID, type, remainingUses, totalUses, purchaseTime, expDate, price, isActive) VALUES ('P-0040', 40, 'Season', NULL, NULL, TO_TIMESTAMP('2023-10-08 12:30:00', 'YYYY-MM-DD HH24:MI:SS'), TO_DATE('2024-04-30', 'YYYY-MM-DD'), 899.00, 1);
INSERT INTO PASS (passNo, memID, type, remainingUses, totalUses, purchaseTime, expDate, price, isActive) VALUES ('P-0041', 41, 'Day', 1, 1, TO_TIMESTAMP('2024-01-29 08:35:00', 'YYYY-MM-DD HH24:MI:SS'), TO_DATE('2024-01-29', 'YYYY-MM-DD'), 130.00, 1);
INSERT INTO PASS (passNo, memID, type, remainingUses, totalUses, purchaseTime, expDate, price, isActive) VALUES ('P-0042', 42, 'Season', NULL, NULL, TO_TIMESTAMP('2023-11-10 15:30:00', 'YYYY-MM-DD HH24:MI:SS'), TO_DATE('2024-04-30', 'YYYY-MM-DD'), 899.00, 1);
INSERT INTO PASS (passNo, memID, type, remainingUses, totalUses, purchaseTime, expDate, price, isActive) VALUES ('P-0043', 43, '10-Use', 6, 10, TO_TIMESTAMP('2023-12-08 09:30:00', 'YYYY-MM-DD HH24:MI:SS'), TO_DATE('2024-04-30', 'YYYY-MM-DD'), 950.00, 1);
INSERT INTO PASS (passNo, memID, type, remainingUses, totalUses, purchaseTime, expDate, price, isActive) VALUES ('P-0044', 44, 'Day', 1, 1, TO_TIMESTAMP('2024-01-30 08:05:00', 'YYYY-MM-DD HH24:MI:SS'), TO_DATE('2024-01-30', 'YYYY-MM-DD'), 130.00, 1);
INSERT INTO PASS (passNo, memID, type, remainingUses, totalUses, purchaseTime, expDate, price, isActive) VALUES ('P-0045', 45, 'Midweek Season', NULL, NULL, TO_TIMESTAMP('2023-10-28 11:15:00', 'YYYY-MM-DD HH24:MI:SS'), TO_DATE('2024-04-30', 'YYYY-MM-DD'), 599.00, 1);
INSERT INTO PASS (passNo, memID, type, remainingUses, totalUses, purchaseTime, expDate, price, isActive) VALUES ('P-0046', 46, 'Season', NULL, NULL, TO_TIMESTAMP('2023-10-11 09:10:00', 'YYYY-MM-DD HH24:MI:SS'), TO_DATE('2024-04-30', 'YYYY-MM-DD'), 899.00, 1);
INSERT INTO PASS (passNo, memID, type, remainingUses, totalUses, purchaseTime, expDate, price, isActive) VALUES ('P-0047', 47, 'Day', 1, 1, TO_TIMESTAMP('2024-02-01 08:12:00', 'YYYY-MM-DD HH24:MI:SS'), TO_DATE('2024-02-01', 'YYYY-MM-DD'), 135.00, 1);
INSERT INTO PASS (passNo, memID, type, remainingUses, totalUses, purchaseTime, expDate, price, isActive) VALUES ('P-0048', 48, '5-Lesson Pack', 4, 5, TO_TIMESTAMP('2023-11-22 10:20:00', 'YYYY-MM-DD HH24:MI:SS'), TO_DATE('2024-04-30', 'YYYY-MM-DD'), 450.00, 1);
INSERT INTO PASS (passNo, memID, type, remainingUses, totalUses, purchaseTime, expDate, price, isActive) VALUES ('P-0049', 49, '10-Use', 9, 10, TO_TIMESTAMP('2023-12-11 13:10:00', 'YYYY-MM-DD HH24:MI:SS'), TO_DATE('2024-04-30', 'YYYY-MM-DD'), 950.00, 1);
INSERT INTO PASS (passNo, memID, type, remainingUses, totalUses, purchaseTime, expDate, price, isActive) VALUES ('P-0050', 50, 'Season', NULL, NULL, TO_TIMESTAMP('2023-09-22 14:10:00', 'YYYY-MM-DD HH24:MI:SS'), TO_DATE('2024-04-30', 'YYYY-MM-DD'), 850.00, 1);
INSERT INTO PASS (passNo, memID, type, remainingUses, totalUses, purchaseTime, expDate, price, isActive) VALUES ('P-0051', 51, 'Day', 0, 1, TO_TIMESTAMP('2024-01-18 09:35:00', 'YYYY-MM-DD HH24:MI:SS'), TO_DATE('2024-01-18', 'YYYY-MM-DD'), 135.00, 0);
INSERT INTO PASS (passNo, memID, type, remainingUses, totalUses, purchaseTime, expDate, price, isActive) VALUES ('P-0052', 52, 'Weekend Warrior', NULL, NULL, TO_TIMESTAMP('2023-10-24 17:10:00', 'YYYY-MM-DD HH24:MI:SS'), TO_DATE('2024-04-30', 'YYYY-MM-DD'), 699.00, 1);
INSERT INTO PASS (passNo, memID, type, remainingUses, totalUses, purchaseTime, expDate, price, isActive) VALUES ('P-0053', 53, 'Single Lesson', 1, 1, TO_TIMESTAMP('2024-01-20 12:10:00', 'YYYY-MM-DD HH24:MI:SS'), TO_DATE('2024-04-30', 'YYYY-MM-DD'), 100.00, 1);
INSERT INTO PASS (passNo, memID, type, remainingUses, totalUses, purchaseTime, expDate, price, isActive) VALUES ('P-0054', 54, '10-Use Nordic', 8, 10, TO_TIMESTAMP('2023-12-24 11:21:11', 'YYYY-MM-DD HH24:MI:SS'), TO_DATE('2024-04-30', 'YYYY-MM-DD'), 450.00, 1);
INSERT INTO PASS (passNo, memID, type, remainingUses, totalUses, purchaseTime, expDate, price, isActive) VALUES ('P-0055', 55, 'Season Family Addon', NULL, NULL, TO_TIMESTAMP('2023-10-10 10:40:00', 'YYYY-MM-DD HH24:MI:SS'), TO_DATE('2024-04-30', 'YYYY-MM-DD'), 499.00, 1);
INSERT INTO PASS (passNo, memID, type, remainingUses, totalUses, purchaseTime, expDate, price, isActive) VALUES ('P-0056', 56, 'Day', 1, 1, TO_TIMESTAMP('2024-02-02 08:50:00', 'YYYY-MM-DD HH24:MI:SS'), TO_DATE('2024-02-02', 'YYYY-MM-DD'), 135.00, 1);
INSERT INTO PASS (passNo, memID, type, remainingUses, totalUses, purchaseTime, expDate, price, isActive) VALUES ('P-0057', 57, 'Season', NULL, NULL, TO_TIMESTAMP('2023-11-08 16:10:00', 'YYYY-MM-DD HH24:MI:SS'), TO_DATE('2024-04-30', 'YYYY-MM-DD'), 899.00, 1);
INSERT INTO PASS (passNo, memID, type, remainingUses, totalUses, purchaseTime, expDate, price, isActive) VALUES ('P-0058', 58, '5-Use', 2, 5, TO_TIMESTAMP('2023-12-14 08:10:00', 'YYYY-MM-DD HH24:MI:SS'), TO_DATE('2024-04-30', 'YYYY-MM-DD'), 500.00, 1);
INSERT INTO PASS (passNo, memID, type, remainingUses, totalUses, purchaseTime, expDate, price, isActive) VALUES ('P-0059', 59, 'Day', 1, 1, TO_TIMESTAMP('2024-02-03 07:55:00', 'YYYY-MM-DD HH24:MI:SS'), TO_DATE('2024-02-03', 'YYYY-MM-DD'), 135.00, 1);
INSERT INTO PASS (passNo, memID, type, remainingUses, totalUses, purchaseTime, expDate, price, isActive) VALUES ('P-0060', 60, 'Midweek Season', NULL, NULL, TO_TIMESTAMP('2023-11-02 10:25:00', 'YYYY-MM-DD HH24:MI:SS'), TO_DATE('2024-04-30', 'YYYY-MM-DD'), 599.00, 1);
INSERT INTO PASS (passNo, memID, type, remainingUses, totalUses, purchaseTime, expDate, price, isActive) VALUES ('P-0061', 61, 'Season', NULL, NULL, TO_TIMESTAMP('2023-10-12 11:30:00', 'YYYY-MM-DD HH24:MI:SS'), TO_DATE('2024-04-30', 'YYYY-MM-DD'), 899.00, 1);
INSERT INTO PASS (passNo, memID, type, remainingUses, totalUses, purchaseTime, expDate, price, isActive) VALUES ('P-0062', 62, 'Day', 1, 1, TO_TIMESTAMP('2024-02-04 08:11:00', 'YYYY-MM-DD HH24:MI:SS'), TO_DATE('2024-02-04', 'YYYY-MM-DD'), 135.00, 1);
INSERT INTO PASS (passNo, memID, type, remainingUses, totalUses, purchaseTime, expDate, price, isActive) VALUES ('P-0063', 63, '3-Lesson Pack', 3, 3, TO_TIMESTAMP('2023-11-25 12:30:00', 'YYYY-MM-DD HH24:MI:SS'), TO_DATE('2024-04-30', 'YYYY-MM-DD'), 280.00, 1);
INSERT INTO PASS (passNo, memID, type, remainingUses, totalUses, purchaseTime, expDate, price, isActive) VALUES ('P-0064', 64, '10-Use', 10, 10, TO_TIMESTAMP('2023-12-18 14:30:00', 'YYYY-MM-DD HH24:MI:SS'), TO_DATE('2024-04-30', 'YYYY-MM-DD'), 950.00, 1);
INSERT INTO PASS (passNo, memID, type, remainingUses, totalUses, purchaseTime, expDate, price, isActive) VALUES ('P-0065', 65, 'Season', NULL, NULL, TO_TIMESTAMP('2023-09-29 15:30:00', 'YYYY-MM-DD HH24:MI:SS'), TO_DATE('2024-04-30', 'YYYY-MM-DD'), 850.00, 1);
INSERT INTO PASS (passNo, memID, type, remainingUses, totalUses, purchaseTime, expDate, price, isActive) VALUES ('P-0066', 66, 'Day', 0, 1, TO_TIMESTAMP('2024-01-24 09:05:00', 'YYYY-MM-DD HH24:MI:SS'), TO_DATE('2024-01-24', 'YYYY-MM-DD'), 135.00, 0);
INSERT INTO PASS (passNo, memID, type, remainingUses, totalUses, purchaseTime, expDate, price, isActive) VALUES ('P-0067', 67, 'Midweek Season', NULL, NULL, TO_TIMESTAMP('2023-10-27 16:40:00', 'YYYY-MM-DD HH24:MI:SS'), TO_DATE('2024-04-30', 'YYYY-MM-DD'), 599.00, 1);
INSERT INTO PASS (passNo, memID, type, remainingUses, totalUses, purchaseTime, expDate, price, isActive) VALUES ('P-0068', 68, '5-Lesson Pack', 5, 5, TO_TIMESTAMP('2024-01-15 13:40:00', 'YYYY-MM-DD HH24:MI:SS'), TO_DATE('2024-04-30', 'YYYY-MM-DD'), 450.00, 1);
INSERT INTO PASS (passNo, memID, type, remainingUses, totalUses, purchaseTime, expDate, price, isActive) VALUES ('P-0069', 69, '5-Use', 5, 5, TO_TIMESTAMP('2023-12-28 10:40:40', 'YYYY-MM-DD HH24:MI:SS'), TO_DATE('2024-04-30', 'YYYY-MM-DD'), 500.00, 1);
INSERT INTO PASS (passNo, memID, type, remainingUses, totalUses, purchaseTime, expDate, price, isActive) VALUES ('P-0070', 70, 'Season', NULL, NULL, TO_TIMESTAMP('2023-10-18 12:40:00', 'YYYY-MM-DD HH24:MI:SS'), TO_DATE('2024-04-30', 'YYYY-MM-DD'), 899.00, 1);
INSERT INTO PASS (passNo, memID, type, remainingUses, totalUses, purchaseTime, expDate, price, isActive) VALUES ('P-0071', 71, 'Day', 1, 1, TO_TIMESTAMP('2024-02-05 08:40:00', 'YYYY-MM-DD HH24:MI:SS'), TO_DATE('2024-02-05', 'YYYY-MM-DD'), 135.00, 1);
INSERT INTO PASS (passNo, memID, type, remainingUses, totalUses, purchaseTime, expDate, price, isActive) VALUES ('P-0072', 72, 'Season', NULL, NULL, TO_TIMESTAMP('2023-11-12 15:40:00', 'YYYY-MM-DD HH24:MI:SS'), TO_DATE('2024-04-30', 'YYYY-MM-DD'), 899.00, 1);
INSERT INTO PASS (passNo, memID, type, remainingUses, totalUses, purchaseTime, expDate, price, isActive) VALUES ('P-0073', 73, '10-Use', 7, 10, TO_TIMESTAMP('2023-12-19 09:40:00', 'YYYY-MM-DD HH24:MI:SS'), TO_DATE('2024-04-30', 'YYYY-MM-DD'), 950.00, 1);
INSERT INTO PASS (passNo, memID, type, remainingUses, totalUses, purchaseTime, expDate, price, isActive) VALUES ('P-0074', 74, 'Day', 1, 1, TO_TIMESTAMP('2024-02-06 08:08:00', 'YYYY-MM-DD HH24:MI:SS'), TO_DATE('2024-02-06', 'YYYY-MM-DD'), 135.00, 1);
INSERT INTO PASS (passNo, memID, type, remainingUses, totalUses, purchaseTime, expDate, price, isActive) VALUES ('P-0075', 75, 'Midweek Season', NULL, NULL, TO_TIMESTAMP('2023-11-03 11:05:00', 'YYYY-MM-DD HH24:MI:SS'), TO_DATE('2024-04-30', 'YYYY-MM-DD'), 599.00, 1);
COMMIT;

-- LESSON Data
INSERT INTO LESSON (lessonID, "date", "time", empID, "level") VALUES (501, TO_DATE('2024-01-25', 'YYYY-MM-DD'), '10:00', 102, 'Beginner');
INSERT INTO LESSON (lessonID, "date", "time", empID, "level") VALUES (502, TO_DATE('2024-01-25', 'YYYY-MM-DD'), '13:00', 103, 'Intermediate');
INSERT INTO LESSON (lessonID, "date", "time", empID, "level") VALUES (503, TO_DATE('2024-01-26', 'YYYY-MM-DD'), '09:00', 106, 'Advanced');
INSERT INTO LESSON (lessonID, "date", "time", empID, "level") VALUES (504, TO_DATE('2024-01-26', 'YYYY-MM-DD'), '10:00', 108, 'Beginner Snowboard');
INSERT INTO LESSON (lessonID, "date", "time", empID, "level") VALUES (505, TO_DATE('2024-01-27', 'YYYY-MM-DD'), '11:00', 110, 'Intermediate Ski');
INSERT INTO LESSON (lessonID, "date", "time", empID, "level") VALUES (506, TO_DATE('2024-01-27', 'YYYY-MM-DD'), '14:00', 102, 'Kids Club');
INSERT INTO LESSON (lessonID, "date", "time", empID, "level") VALUES (507, TO_DATE('2024-01-28', 'YYYY-MM-DD'), '10:00', 103, 'Beginner');
INSERT INTO LESSON (lessonID, "date", "time", empID, "level") VALUES (508, TO_DATE('2024-01-28', 'YYYY-MM-DD'), '13:00', 106, 'Intermediate');
INSERT INTO LESSON (lessonID, "date", "time", empID, "level") VALUES (509, TO_DATE('2024-01-29', 'YYYY-MM-DD'), '09:00', 108, 'Advanced Snowboard');
INSERT INTO LESSON (lessonID, "date", "time", empID, "level") VALUES (510, TO_DATE('2024-01-29', 'YYYY-MM-DD'), '10:00', 110, 'Beginner Ski');
INSERT INTO LESSON (lessonID, "date", "time", empID, "level") VALUES (511, TO_DATE('2024-01-30', 'YYYY-MM-DD'), '11:00', 102, 'Intermediate Snowboard');
INSERT INTO LESSON (lessonID, "date", "time", empID, "level") VALUES (512, TO_DATE('2024-01-30', 'YYYY-MM-DD'), '14:00', 103, 'Kids Club');
INSERT INTO LESSON (lessonID, "date", "time", empID, "level") VALUES (513, TO_DATE('2024-02-01', 'YYYY-MM-DD'), '09:30', 112, 'Beginner Ski');
INSERT INTO LESSON (lessonID, "date", "time", empID, "level") VALUES (514, TO_DATE('2024-02-01', 'YYYY-MM-DD'), '13:30', 113, 'Intermediate Snowboard');
INSERT INTO LESSON (lessonID, "date", "time", empID, "level") VALUES (515, TO_DATE('2024-02-02', 'YYYY-MM-DD'), '10:00', 115, 'Advanced Ski');
INSERT INTO LESSON (lessonID, "date", "time", empID, "level") VALUES (516, TO_DATE('2024-02-02', 'YYYY-MM-DD'), '14:00', 118, 'Beginner Snowboard');
INSERT INTO LESSON (lessonID, "date", "time", empID, "level") VALUES (517, TO_DATE('2024-02-03', 'YYYY-MM-DD'), '11:30', 120, 'Intermediate Ski');
INSERT INTO LESSON (lessonID, "date", "time", empID, "level") VALUES (518, TO_DATE('2024-02-03', 'YYYY-MM-DD'), '15:00', 122, 'Kids Club');
INSERT INTO LESSON (lessonID, "date", "time", empID, "level") VALUES (519, TO_DATE('2024-02-04', 'YYYY-MM-DD'), '09:00', 125, 'Beginner');
INSERT INTO LESSON (lessonID, "date", "time", empID, "level") VALUES (520, TO_DATE('2024-02-04', 'YYYY-MM-DD'), '13:00', 127, 'Intermediate');
INSERT INTO LESSON (lessonID, "date", "time", empID, "level") VALUES (521, TO_DATE('2024-02-05', 'YYYY-MM-DD'), '10:30', 129, 'Advanced Snowboard');
INSERT INTO LESSON (lessonID, "date", "time", empID, "level") VALUES (522, TO_DATE('2024-02-05', 'YYYY-MM-DD'), '14:30', 130, 'Beginner Ski');
INSERT INTO LESSON (lessonID, "date", "time", empID, "level") VALUES (523, TO_DATE('2024-02-06', 'YYYY-MM-DD'), '11:00', 112, 'Intermediate Snowboard');
INSERT INTO LESSON (lessonID, "date", "time", empID, "level") VALUES (524, TO_DATE('2024-02-06', 'YYYY-MM-DD'), '15:30', 113, 'Kids Club');
INSERT INTO LESSON (lessonID, "date", "time", empID, "level") VALUES (525, TO_DATE('2024-02-07', 'YYYY-MM-DD'), '09:30', 101, 'Freestyle Intro');
INSERT INTO LESSON (lessonID, "date", "time", empID, "level") VALUES (526, TO_DATE('2024-02-07', 'YYYY-MM-DD'), '13:00', 104, 'Race Clinic');
INSERT INTO LESSON (lessonID, "date", "time", empID, "level") VALUES (527, TO_DATE('2024-02-08', 'YYYY-MM-DD'), '10:00', 105, 'Women Only Intermediate');
INSERT INTO LESSON (lessonID, "date", "time", empID, "level") VALUES (528, TO_DATE('2024-02-08', 'YYYY-MM-DD'), '14:00', 107, 'Senior Ski Easy');
INSERT INTO LESSON (lessonID, "date", "time", empID, "level") VALUES (529, TO_DATE('2024-02-09', 'YYYY-MM-DD'), '11:00', 109, 'Beginner Park');
INSERT INTO LESSON (lessonID, "date", "time", empID, "level") VALUES (530, TO_DATE('2024-02-09', 'YYYY-MM-DD'), '15:00', 111, 'Nordic Skate');
INSERT INTO LESSON (lessonID, "date", "time", empID, "level") VALUES (531, TO_DATE('2024-02-10', 'YYYY-MM-DD'), '09:00', 114, 'Advanced Carving');
INSERT INTO LESSON (lessonID, "date", "time", empID, "level") VALUES (532, TO_DATE('2024-02-10', 'YYYY-MM-DD'), '13:30', 116, 'Adaptive Ski');
INSERT INTO LESSON (lessonID, "date", "time", empID, "level") VALUES (533, TO_DATE('2024-02-11', 'YYYY-MM-DD'), '10:30', 117, 'Intermediate Glades');
INSERT INTO LESSON (lessonID, "date", "time", empID, "level") VALUES (534, TO_DATE('2024-02-11', 'YYYY-MM-DD'), '14:30', 119, 'Beginner Snowboard Turns');
INSERT INTO LESSON (lessonID, "date", "time", empID, "level") VALUES (535, TO_DATE('2024-02-12', 'YYYY-MM-DD'), '11:30', 121, 'Advanced Off-Piste');
INSERT INTO LESSON (lessonID, "date", "time", empID, "level") VALUES (536, TO_DATE('2024-02-12', 'YYYY-MM-DD'), '15:30', 123, 'Kids Snowboard Fun');
INSERT INTO LESSON (lessonID, "date", "time", empID, "level") VALUES (537, TO_DATE('2024-02-13', 'YYYY-MM-DD'), '09:00', 124, 'Mogul Introduction');
INSERT INTO LESSON (lessonID, "date", "time", empID, "level") VALUES (538, TO_DATE('2024-02-13', 'YYYY-MM-DD'), '13:00', 126, 'Family Lesson');
INSERT INTO LESSON (lessonID, "date", "time", empID, "level") VALUES (539, TO_DATE('2024-02-14', 'YYYY-MM-DD'), '10:00', 128, 'Beginner Ski Balance');
INSERT INTO LESSON (lessonID, "date", "time", empID, "level") VALUES (540, TO_DATE('2024-02-14', 'YYYY-MM-DD'), '14:00', 130, 'Intermediate Edge Control');
INSERT INTO LESSON (lessonID, "date", "time", empID, "level") VALUES (541, TO_DATE('2024-02-15', 'YYYY-MM-DD'), '11:00', 101, 'Advanced Park Jumps');
INSERT INTO LESSON (lessonID, "date", "time", empID, "level") VALUES (542, TO_DATE('2024-02-15', 'YYYY-MM-DD'), '15:00', 104, 'Telemark Basics');
INSERT INTO LESSON (lessonID, "date", "time", empID, "level") VALUES (543, TO_DATE('2024-01-20', 'YYYY-MM-DD'), '10:00', 102, 'Beginner');
INSERT INTO LESSON (lessonID, "date", "time", empID, "level") VALUES (544, TO_DATE('2024-01-20', 'YYYY-MM-DD'), '13:00', 115, 'Intermediate');
INSERT INTO LESSON (lessonID, "date", "time", empID, "level") VALUES (545, TO_DATE('2024-01-21', 'YYYY-MM-DD'), '09:00', 118, 'Advanced');
INSERT INTO LESSON (lessonID, "date", "time", empID, "level") VALUES (546, TO_DATE('2024-01-21', 'YYYY-MM-DD'), '10:00', 120, 'Beginner Snowboard');
INSERT INTO LESSON (lessonID, "date", "time", empID, "level") VALUES (547, TO_DATE('2024-01-22', 'YYYY-MM-DD'), '11:00', 122, 'Intermediate Ski');
INSERT INTO LESSON (lessonID, "date", "time", empID, "level") VALUES (548, TO_DATE('2024-01-22', 'YYYY-MM-DD'), '14:00', 125, 'Kids Club');
INSERT INTO LESSON (lessonID, "date", "time", empID, "level") VALUES (549, TO_DATE('2024-01-23', 'YYYY-MM-DD'), '10:00', 127, 'Beginner');
INSERT INTO LESSON (lessonID, "date", "time", empID, "level") VALUES (550, TO_DATE('2024-01-23', 'YYYY-MM-DD'), '13:00', 129, 'Intermediate');
INSERT INTO LESSON (lessonID, "date", "time", empID, "level") VALUES (551, TO_DATE('2024-01-24', 'YYYY-MM-DD'), '09:00', 130, 'Advanced Snowboard');
INSERT INTO LESSON (lessonID, "date", "time", empID, "level") VALUES (552, TO_DATE('2024-01-24', 'YYYY-MM-DD'), '10:00', 101, 'Beginner Ski');
COMMIT;

-- LESSON_LOG Data
INSERT INTO LESSON_LOG (orderID, lessonID, passNo, lessonsPurchased, lessonsRemaining) VALUES (601, 501, 'P-0003', 1, 3);
INSERT INTO LESSON_LOG (orderID, lessonID, passNo, lessonsPurchased, lessonsRemaining) VALUES (602, 504, 'P-0008', 1, 4);
INSERT INTO LESSON_LOG (orderID, lessonID, passNo, lessonsPurchased, lessonsRemaining) VALUES (603, 502, 'P-0003', 1, 2);
INSERT INTO LESSON_LOG (orderID, lessonID, passNo, lessonsPurchased, lessonsRemaining) VALUES (604, 507, 'P-0008', 1, 3);
INSERT INTO LESSON_LOG (orderID, lessonID, passNo, lessonsPurchased, lessonsRemaining) VALUES (605, 505, 'P-0003', 1, 1);
INSERT INTO LESSON_LOG (orderID, lessonID, passNo, lessonsPurchased, lessonsRemaining) VALUES (606, 508, 'P-0008', 1, 2);
INSERT INTO LESSON_LOG (orderID, lessonID, passNo, lessonsPurchased, lessonsRemaining) VALUES (607, 510, 'P-0003', 1, 0);
INSERT INTO LESSON_LOG (orderID, lessonID, passNo, lessonsPurchased, lessonsRemaining) VALUES (608, 511, 'P-0008', 1, 1);
INSERT INTO LESSON_LOG (orderID, lessonID, passNo, lessonsPurchased, lessonsRemaining) VALUES (609, 503, 'P-0009', 1, 9);
INSERT INTO LESSON_LOG (orderID, lessonID, passNo, lessonsPurchased, lessonsRemaining) VALUES (610, 506, 'P-0010', 1, NULL);
INSERT INTO LESSON_LOG (orderID, lessonID, passNo, lessonsPurchased, lessonsRemaining) VALUES (611, 512, 'P-0008', 1, 0);
INSERT INTO LESSON_LOG (orderID, lessonID, passNo, lessonsPurchased, lessonsRemaining) VALUES (612, 513, 'P-0018', 1, 2);
INSERT INTO LESSON_LOG (orderID, lessonID, passNo, lessonsPurchased, lessonsRemaining) VALUES (613, 514, 'P-0023', 1, 0);
INSERT INTO LESSON_LOG (orderID, lessonID, passNo, lessonsPurchased, lessonsRemaining) VALUES (614, 515, 'P-0019', 1, 4);
INSERT INTO LESSON_LOG (orderID, lessonID, passNo, lessonsPurchased, lessonsRemaining) VALUES (615, 516, 'P-0033', 1, 4);
INSERT INTO LESSON_LOG (orderID, lessonID, passNo, lessonsPurchased, lessonsRemaining) VALUES (616, 517, 'P-0038', 1, 1);
INSERT INTO LESSON_LOG (orderID, lessonID, passNo, lessonsPurchased, lessonsRemaining) VALUES (617, 518, 'P-0048', 1, 3);
INSERT INTO LESSON_LOG (orderID, lessonID, passNo, lessonsPurchased, lessonsRemaining) VALUES (618, 519, 'P-0053', 1, 0);
INSERT INTO LESSON_LOG (orderID, lessonID, passNo, lessonsPurchased, lessonsRemaining) VALUES (619, 520, 'P-0063', 1, 2);
INSERT INTO LESSON_LOG (orderID, lessonID, passNo, lessonsPurchased, lessonsRemaining) VALUES (620, 521, 'P-0068', 1, 4);
INSERT INTO LESSON_LOG (orderID, lessonID, passNo, lessonsPurchased, lessonsRemaining) VALUES (621, 522, 'P-0018', 1, 1);
INSERT INTO LESSON_LOG (orderID, lessonID, passNo, lessonsPurchased, lessonsRemaining) VALUES (622, 523, 'P-0019', 1, 3);
INSERT INTO LESSON_LOG (orderID, lessonID, passNo, lessonsPurchased, lessonsRemaining) VALUES (623, 524, 'P-0033', 1, 3);
INSERT INTO LESSON_LOG (orderID, lessonID, passNo, lessonsPurchased, lessonsRemaining) VALUES (624, 525, 'P-0038', 1, 0);
INSERT INTO LESSON_LOG (orderID, lessonID, passNo, lessonsPurchased, lessonsRemaining) VALUES (625, 526, 'P-0048', 1, 2);
INSERT INTO LESSON_LOG (orderID, lessonID, passNo, lessonsPurchased, lessonsRemaining) VALUES (626, 527, 'P-0063', 1, 1);
INSERT INTO LESSON_LOG (orderID, lessonID, passNo, lessonsPurchased, lessonsRemaining) VALUES (627, 528, 'P-0068', 1, 3);
INSERT INTO LESSON_LOG (orderID, lessonID, passNo, lessonsPurchased, lessonsRemaining) VALUES (628, 529, 'P-0018', 1, 0);
INSERT INTO LESSON_LOG (orderID, lessonID, passNo, lessonsPurchased, lessonsRemaining) VALUES (629, 530, 'P-0019', 1, 2);
INSERT INTO LESSON_LOG (orderID, lessonID, passNo, lessonsPurchased, lessonsRemaining) VALUES (630, 531, 'P-0033', 1, 2);
INSERT INTO LESSON_LOG (orderID, lessonID, passNo, lessonsPurchased, lessonsRemaining) VALUES (631, 532, 'P-0048', 1, 1);
INSERT INTO LESSON_LOG (orderID, lessonID, passNo, lessonsPurchased, lessonsRemaining) VALUES (632, 533, 'P-0063', 1, 0);
INSERT INTO LESSON_LOG (orderID, lessonID, passNo, lessonsPurchased, lessonsRemaining) VALUES (633, 534, 'P-0068', 1, 2);
INSERT INTO LESSON_LOG (orderID, lessonID, passNo, lessonsPurchased, lessonsRemaining) VALUES (634, 535, 'P-0019', 1, 1);
INSERT INTO LESSON_LOG (orderID, lessonID, passNo, lessonsPurchased, lessonsRemaining) VALUES (635, 536, 'P-0033', 1, 1);
INSERT INTO LESSON_LOG (orderID, lessonID, passNo, lessonsPurchased, lessonsRemaining) VALUES (636, 537, 'P-0048', 1, 0);
INSERT INTO LESSON_LOG (orderID, lessonID, passNo, lessonsPurchased, lessonsRemaining) VALUES (637, 538, 'P-0068', 1, 1);
INSERT INTO LESSON_LOG (orderID, lessonID, passNo, lessonsPurchased, lessonsRemaining) VALUES (638, 539, 'P-0019', 1, 0);
INSERT INTO LESSON_LOG (orderID, lessonID, passNo, lessonsPurchased, lessonsRemaining) VALUES (639, 540, 'P-0033', 1, 0);
INSERT INTO LESSON_LOG (orderID, lessonID, passNo, lessonsPurchased, lessonsRemaining) VALUES (640, 541, 'P-0068', 1, 0);
INSERT INTO LESSON_LOG (orderID, lessonID, passNo, lessonsPurchased, lessonsRemaining) VALUES (641, 542, 'P-0023', 1, 0);
INSERT INTO LESSON_LOG (orderID, lessonID, passNo, lessonsPurchased, lessonsRemaining) VALUES (642, 543, 'P-0003', 1, 0);
INSERT INTO LESSON_LOG (orderID, lessonID, passNo, lessonsPurchased, lessonsRemaining) VALUES (643, 544, 'P-0008', 1, 0);
INSERT INTO LESSON_LOG (orderID, lessonID, passNo, lessonsPurchased, lessonsRemaining) VALUES (644, 545, 'P-0009', 1, 8);
INSERT INTO LESSON_LOG (orderID, lessonID, passNo, lessonsPurchased, lessonsRemaining) VALUES (645, 546, 'P-0024', 1, 8);
INSERT INTO LESSON_LOG (orderID, lessonID, passNo, lessonsPurchased, lessonsRemaining) VALUES (646, 547, 'P-0034', 1, 9);
INSERT INTO LESSON_LOG (orderID, lessonID, passNo, lessonsPurchased, lessonsRemaining) VALUES (647, 548, 'P-0039', 1, 3);
INSERT INTO LESSON_LOG (orderID, lessonID, passNo, lessonsPurchased, lessonsRemaining) VALUES (648, 549, 'P-0049', 1, 8);
INSERT INTO LESSON_LOG (orderID, lessonID, passNo, lessonsPurchased, lessonsRemaining) VALUES (649, 550, 'P-0054', 1, 7);
INSERT INTO LESSON_LOG (orderID, lessonID, passNo, lessonsPurchased, lessonsRemaining) VALUES (650, 551, 'P-0058', 1, 1);
INSERT INTO LESSON_LOG (orderID, lessonID, passNo, lessonsPurchased, lessonsRemaining) VALUES (651, 552, 'P-0064', 1, 9);
INSERT INTO LESSON_LOG (orderID, lessonID, passNo, lessonsPurchased, lessonsRemaining) VALUES (652, 501, 'P-0018', 1, 2);
INSERT INTO LESSON_LOG (orderID, lessonID, passNo, lessonsPurchased, lessonsRemaining) VALUES (653, 502, 'P-0023', 1, 0);
INSERT INTO LESSON_LOG (orderID, lessonID, passNo, lessonsPurchased, lessonsRemaining) VALUES (654, 503, 'P-0019', 1, 4);
INSERT INTO LESSON_LOG (orderID, lessonID, passNo, lessonsPurchased, lessonsRemaining) VALUES (655, 504, 'P-0033', 1, 4);
INSERT INTO LESSON_LOG (orderID, lessonID, passNo, lessonsPurchased, lessonsRemaining) VALUES (656, 505, 'P-0038', 1, 1);
INSERT INTO LESSON_LOG (orderID, lessonID, passNo, lessonsPurchased, lessonsRemaining) VALUES (657, 506, 'P-0048', 1, 3);
INSERT INTO LESSON_LOG (orderID, lessonID, passNo, lessonsPurchased, lessonsRemaining) VALUES (658, 507, 'P-0053', 1, 0);
INSERT INTO LESSON_LOG (orderID, lessonID, passNo, lessonsPurchased, lessonsRemaining) VALUES (659, 508, 'P-0063', 1, 2);
INSERT INTO LESSON_LOG (orderID, lessonID, passNo, lessonsPurchased, lessonsRemaining) VALUES (660, 509, 'P-0068', 1, 4);
INSERT INTO LESSON_LOG (orderID, lessonID, passNo, lessonsPurchased, lessonsRemaining) VALUES (661, 510, 'P-0018', 1, 1);
INSERT INTO LESSON_LOG (orderID, lessonID, passNo, lessonsPurchased, lessonsRemaining) VALUES (662, 513, 'P-0019', 1, 3);
INSERT INTO LESSON_LOG (orderID, lessonID, passNo, lessonsPurchased, lessonsRemaining) VALUES (663, 514, 'P-0033', 1, 3);
INSERT INTO LESSON_LOG (orderID, lessonID, passNo, lessonsPurchased, lessonsRemaining) VALUES (664, 515, 'P-0038', 1, 0);
INSERT INTO LESSON_LOG (orderID, lessonID, passNo, lessonsPurchased, lessonsRemaining) VALUES (665, 516, 'P-0048', 1, 2);
INSERT INTO LESSON_LOG (orderID, lessonID, passNo, lessonsPurchased, lessonsRemaining) VALUES (666, 517, 'P-0063', 1, 1);
INSERT INTO LESSON_LOG (orderID, lessonID, passNo, lessonsPurchased, lessonsRemaining) VALUES (667, 518, 'P-0068', 1, 3);
INSERT INTO LESSON_LOG (orderID, lessonID, passNo, lessonsPurchased, lessonsRemaining) VALUES (668, 519, 'P-0018', 1, 0);
INSERT INTO LESSON_LOG (orderID, lessonID, passNo, lessonsPurchased, lessonsRemaining) VALUES (669, 520, 'P-0019', 1, 2);
INSERT INTO LESSON_LOG (orderID, lessonID, passNo, lessonsPurchased, lessonsRemaining) VALUES (670, 521, 'P-0033', 1, 2);
INSERT INTO LESSON_LOG (orderID, lessonID, passNo, lessonsPurchased, lessonsRemaining) VALUES (671, 522, 'P-0048', 1, 1);
INSERT INTO LESSON_LOG (orderID, lessonID, passNo, lessonsPurchased, lessonsRemaining) VALUES (672, 523, 'P-0063', 1, 0);
INSERT INTO LESSON_LOG (orderID, lessonID, passNo, lessonsPurchased, lessonsRemaining) VALUES (673, 524, 'P-0068', 1, 2);
INSERT INTO LESSON_LOG (orderID, lessonID, passNo, lessonsPurchased, lessonsRemaining) VALUES (674, 525, 'P-0019', 1, 1);
INSERT INTO LESSON_LOG (orderID, lessonID, passNo, lessonsPurchased, lessonsRemaining) VALUES (675, 526, 'P-0033', 1, 1);
INSERT INTO LESSON_LOG (orderID, lessonID, passNo, lessonsPurchased, lessonsRemaining) VALUES (676, 527, 'P-0048', 1, 0);
INSERT INTO LESSON_LOG (orderID, lessonID, passNo, lessonsPurchased, lessonsRemaining) VALUES (677, 528, 'P-0068', 1, 1);
INSERT INTO LESSON_LOG (orderID, lessonID, passNo, lessonsPurchased, lessonsRemaining) VALUES (678, 529, 'P-0019', 1, 0);
INSERT INTO LESSON_LOG (orderID, lessonID, passNo, lessonsPurchased, lessonsRemaining) VALUES (679, 530, 'P-0033', 1, 0);
INSERT INTO LESSON_LOG (orderID, lessonID, passNo, lessonsPurchased, lessonsRemaining) VALUES (680, 531, 'P-0068', 1, 0);
INSERT INTO LESSON_LOG (orderID, lessonID, passNo, lessonsPurchased, lessonsRemaining) VALUES (681, 532, 'P-0023', 1, 0);
INSERT INTO LESSON_LOG (orderID, lessonID, passNo, lessonsPurchased, lessonsRemaining) VALUES (682, 535, 'P-0009', 1, 7);
INSERT INTO LESSON_LOG (orderID, lessonID, passNo, lessonsPurchased, lessonsRemaining) VALUES (683, 536, 'P-0024', 1, 7);
INSERT INTO LESSON_LOG (orderID, lessonID, passNo, lessonsPurchased, lessonsRemaining) VALUES (684, 537, 'P-0034', 1, 8);
INSERT INTO LESSON_LOG (orderID, lessonID, passNo, lessonsPurchased, lessonsRemaining) VALUES (685, 538, 'P-0039', 1, 2);
INSERT INTO LESSON_LOG (orderID, lessonID, passNo, lessonsPurchased, lessonsRemaining) VALUES (686, 539, 'P-0049', 1, 7);
INSERT INTO LESSON_LOG (orderID, lessonID, passNo, lessonsPurchased, lessonsRemaining) VALUES (687, 540, 'P-0054', 1, 6);
INSERT INTO LESSON_LOG (orderID, lessonID, passNo, lessonsPurchased, lessonsRemaining) VALUES (688, 541, 'P-0058', 1, 0);
INSERT INTO LESSON_LOG (orderID, lessonID, passNo, lessonsPurchased, lessonsRemaining) VALUES (689, 542, 'P-0064', 1, 8);
INSERT INTO LESSON_LOG (orderID, lessonID, passNo, lessonsPurchased, lessonsRemaining) VALUES (690, 543, 'P-0009', 1, 6);
INSERT INTO LESSON_LOG (orderID, lessonID, passNo, lessonsPurchased, lessonsRemaining) VALUES (691, 544, 'P-0024', 1, 6);
INSERT INTO LESSON_LOG (orderID, lessonID, passNo, lessonsPurchased, lessonsRemaining) VALUES (692, 545, 'P-0034', 1, 7);
INSERT INTO LESSON_LOG (orderID, lessonID, passNo, lessonsPurchased, lessonsRemaining) VALUES (693, 546, 'P-0039', 1, 1);
INSERT INTO LESSON_LOG (orderID, lessonID, passNo, lessonsPurchased, lessonsRemaining) VALUES (694, 547, 'P-0049', 1, 6);
INSERT INTO LESSON_LOG (orderID, lessonID, passNo, lessonsPurchased, lessonsRemaining) VALUES (695, 548, 'P-0054', 1, 5);
INSERT INTO LESSON_LOG (orderID, lessonID, passNo, lessonsPurchased, lessonsRemaining) VALUES (696, 549, 'P-0064', 1, 7);
INSERT INTO LESSON_LOG (orderID, lessonID, passNo, lessonsPurchased, lessonsRemaining) VALUES (697, 550, 'P-0009', 1, 5);
INSERT INTO LESSON_LOG (orderID, lessonID, passNo, lessonsPurchased, lessonsRemaining) VALUES (698, 551, 'P-0024', 1, 5);
INSERT INTO LESSON_LOG (orderID, lessonID, passNo, lessonsPurchased, lessonsRemaining) VALUES (699, 552, 'P-0034', 1, 6);
INSERT INTO LESSON_LOG (orderID, lessonID, passNo, lessonsPurchased, lessonsRemaining) VALUES (700, 501, 'P-0039', 1, 0);
INSERT INTO LESSON_LOG (orderID, lessonID, passNo, lessonsPurchased, lessonsRemaining) VALUES (701, 502, 'P-0049', 1, 5);
INSERT INTO LESSON_LOG (orderID, lessonID, passNo, lessonsPurchased, lessonsRemaining) VALUES (702, 503, 'P-0054', 1, 4);
INSERT INTO LESSON_LOG (orderID, lessonID, passNo, lessonsPurchased, lessonsRemaining) VALUES (703, 504, 'P-0064', 1, 6);
INSERT INTO LESSON_LOG (orderID, lessonID, passNo, lessonsPurchased, lessonsRemaining) VALUES (704, 505, 'P-0009', 1, 4);
INSERT INTO LESSON_LOG (orderID, lessonID, passNo, lessonsPurchased, lessonsRemaining) VALUES (705, 506, 'P-0024', 1, 4);
INSERT INTO LESSON_LOG (orderID, lessonID, passNo, lessonsPurchased, lessonsRemaining) VALUES (706, 507, 'P-0034', 1, 5);
INSERT INTO LESSON_LOG (orderID, lessonID, passNo, lessonsPurchased, lessonsRemaining) VALUES (707, 508, 'P-0049', 1, 4);
INSERT INTO LESSON_LOG (orderID, lessonID, passNo, lessonsPurchased, lessonsRemaining) VALUES (708, 509, 'P-0054', 1, 3);
INSERT INTO LESSON_LOG (orderID, lessonID, passNo, lessonsPurchased, lessonsRemaining) VALUES (709, 510, 'P-0064', 1, 5);
INSERT INTO LESSON_LOG (orderID, lessonID, passNo, lessonsPurchased, lessonsRemaining) VALUES (710, 511, 'P-0009', 1, 3);
INSERT INTO LESSON_LOG (orderID, lessonID, passNo, lessonsPurchased, lessonsRemaining) VALUES (711, 512, 'P-0024', 1, 3);
COMMIT;

-- LIFT_LOG Data
INSERT INTO LIFT_LOG (xactID, liftID, passNo, scanTime) VALUES (701, 301, 'P-0001', TO_TIMESTAMP('2024-01-21 09:05:10', 'YYYY-MM-DD HH24:MI:SS'));
INSERT INTO LIFT_LOG (xactID, liftID, passNo, scanTime) VALUES (702, 302, 'P-0002', TO_TIMESTAMP('2024-01-20 08:40:15', 'YYYY-MM-DD HH24:MI:SS'));
INSERT INTO LIFT_LOG (xactID, liftID, passNo, scanTime) VALUES (703, 304, 'P-0004', TO_TIMESTAMP('2024-01-21 09:15:30', 'YYYY-MM-DD HH24:MI:SS'));
INSERT INTO LIFT_LOG (xactID, liftID, passNo, scanTime) VALUES (704, 301, 'P-0005', TO_TIMESTAMP('2024-01-21 09:20:05', 'YYYY-MM-DD HH24:MI:SS'));
INSERT INTO LIFT_LOG (xactID, liftID, passNo, scanTime) VALUES (705, 302, 'P-0007', TO_TIMESTAMP('2024-01-22 08:55:00', 'YYYY-MM-DD HH24:MI:SS'));
INSERT INTO LIFT_LOG (xactID, liftID, passNo, scanTime) VALUES (706, 303, 'P-0009', TO_TIMESTAMP('2024-01-21 10:30:45', 'YYYY-MM-DD HH24:MI:SS'));
INSERT INTO LIFT_LOG (xactID, liftID, passNo, scanTime) VALUES (707, 304, 'P-0010', TO_TIMESTAMP('2024-01-21 11:00:00', 'YYYY-MM-DD HH24:MI:SS'));
INSERT INTO LIFT_LOG (xactID, liftID, passNo, scanTime) VALUES (708, 301, 'P-0011', TO_TIMESTAMP('2024-01-21 09:10:00', 'YYYY-MM-DD HH24:MI:SS'));
INSERT INTO LIFT_LOG (xactID, liftID, passNo, scanTime) VALUES (709, 302, 'P-0001', TO_TIMESTAMP('2024-01-21 10:15:20', 'YYYY-MM-DD HH24:MI:SS'));
INSERT INTO LIFT_LOG (xactID, liftID, passNo, scanTime) VALUES (710, 303, 'P-0004', TO_TIMESTAMP('2024-01-21 11:45:55', 'YYYY-MM-DD HH24:MI:SS'));
INSERT INTO LIFT_LOG (xactID, liftID, passNo, scanTime) VALUES (711, 304, 'P-0005', TO_TIMESTAMP('2024-01-21 13:05:10', 'YYYY-MM-DD HH24:MI:SS'));
INSERT INTO LIFT_LOG (xactID, liftID, passNo, scanTime) VALUES (712, 301, 'P-0012', TO_TIMESTAMP('2024-01-22 09:00:00', 'YYYY-MM-DD HH24:MI:SS'));
INSERT INTO LIFT_LOG (xactID, liftID, passNo, scanTime) VALUES (713, 302, 'P-0013', TO_TIMESTAMP('2024-01-22 09:30:00', 'YYYY-MM-DD HH24:MI:SS'));
INSERT INTO LIFT_LOG (xactID, liftID, passNo, scanTime) VALUES (714, 308, 'P-0014', TO_TIMESTAMP('2024-01-22 08:35:00', 'YYYY-MM-DD HH24:MI:SS'));
INSERT INTO LIFT_LOG (xactID, liftID, passNo, scanTime) VALUES (715, 304, 'P-0015', TO_TIMESTAMP('2024-01-22 09:10:00', 'YYYY-MM-DD HH24:MI:SS'));
INSERT INTO LIFT_LOG (xactID, liftID, passNo, scanTime) VALUES (716, 302, 'P-0001', TO_TIMESTAMP('2024-01-22 10:05:10', 'YYYY-MM-DD HH24:MI:SS'));
INSERT INTO LIFT_LOG (xactID, liftID, passNo, scanTime) VALUES (717, 303, 'P-0004', TO_TIMESTAMP('2024-01-22 11:00:00', 'YYYY-MM-DD HH24:MI:SS'));
INSERT INTO LIFT_LOG (xactID, liftID, passNo, scanTime) VALUES (718, 304, 'P-0009', TO_TIMESTAMP('2024-01-22 12:15:30', 'YYYY-MM-DD HH24:MI:SS'));
INSERT INTO LIFT_LOG (xactID, liftID, passNo, scanTime) VALUES (719, 301, 'P-0010', TO_TIMESTAMP('2024-01-22 13:30:45', 'YYYY-MM-DD HH24:MI:SS'));
INSERT INTO LIFT_LOG (xactID, liftID, passNo, scanTime) VALUES (720, 305, 'P-0001', TO_TIMESTAMP('2024-01-22 14:00:00', 'YYYY-MM-DD HH24:MI:SS'));
INSERT INTO LIFT_LOG (xactID, liftID, passNo, scanTime) VALUES (721, 301, 'P-0016', TO_TIMESTAMP('2024-01-23 09:00:00', 'YYYY-MM-DD HH24:MI:SS'));
INSERT INTO LIFT_LOG (xactID, liftID, passNo, scanTime) VALUES (722, 302, 'P-0017', TO_TIMESTAMP('2024-01-23 08:45:00', 'YYYY-MM-DD HH24:MI:SS'));
INSERT INTO LIFT_LOG (xactID, liftID, passNo, scanTime) VALUES (723, 304, 'P-0019', TO_TIMESTAMP('2024-01-23 09:20:00', 'YYYY-MM-DD HH24:MI:SS'));
INSERT INTO LIFT_LOG (xactID, liftID, passNo, scanTime) VALUES (724, 301, 'P-0020', TO_TIMESTAMP('2024-01-23 09:25:00', 'YYYY-MM-DD HH24:MI:SS'));
INSERT INTO LIFT_LOG (xactID, liftID, passNo, scanTime) VALUES (725, 302, 'P-0022', TO_TIMESTAMP('2024-01-24 08:50:00', 'YYYY-MM-DD HH24:MI:SS'));
INSERT INTO LIFT_LOG (xactID, liftID, passNo, scanTime) VALUES (726, 303, 'P-0024', TO_TIMESTAMP('2024-01-23 10:35:00', 'YYYY-MM-DD HH24:MI:SS'));
INSERT INTO LIFT_LOG (xactID, liftID, passNo, scanTime) VALUES (727, 304, 'P-0025', TO_TIMESTAMP('2024-01-23 11:05:00', 'YYYY-MM-DD HH24:MI:SS'));
INSERT INTO LIFT_LOG (xactID, liftID, passNo, scanTime) VALUES (728, 301, 'P-0026', TO_TIMESTAMP('2024-01-24 09:15:00', 'YYYY-MM-DD HH24:MI:SS'));
INSERT INTO LIFT_LOG (xactID, liftID, passNo, scanTime) VALUES (729, 302, 'P-0016', TO_TIMESTAMP('2024-01-23 10:20:00', 'YYYY-MM-DD HH24:MI:SS'));
INSERT INTO LIFT_LOG (xactID, liftID, passNo, scanTime) VALUES (730, 303, 'P-0019', TO_TIMESTAMP('2024-01-23 11:50:00', 'YYYY-MM-DD HH24:MI:SS'));
INSERT INTO LIFT_LOG (xactID, liftID, passNo, scanTime) VALUES (731, 304, 'P-0020', TO_TIMESTAMP('2024-01-23 13:10:00', 'YYYY-MM-DD HH24:MI:SS'));
INSERT INTO LIFT_LOG (xactID, liftID, passNo, scanTime) VALUES (732, 301, 'P-0027', TO_TIMESTAMP('2024-01-25 09:05:00', 'YYYY-MM-DD HH24:MI:SS'));
INSERT INTO LIFT_LOG (xactID, liftID, passNo, scanTime) VALUES (733, 302, 'P-0028', TO_TIMESTAMP('2024-01-25 09:35:00', 'YYYY-MM-DD HH24:MI:SS'));
INSERT INTO LIFT_LOG (xactID, liftID, passNo, scanTime) VALUES (734, 308, 'P-0029', TO_TIMESTAMP('2024-01-25 08:40:00', 'YYYY-MM-DD HH24:MI:SS'));
INSERT INTO LIFT_LOG (xactID, liftID, passNo, scanTime) VALUES (735, 304, 'P-0030', TO_TIMESTAMP('2024-01-25 09:15:00', 'YYYY-MM-DD HH24:MI:SS'));
INSERT INTO LIFT_LOG (xactID, liftID, passNo, scanTime) VALUES (736, 301, 'P-0031', TO_TIMESTAMP('2024-01-28 09:00:00', 'YYYY-MM-DD HH24:MI:SS'));
INSERT INTO LIFT_LOG (xactID, liftID, passNo, scanTime) VALUES (737, 302, 'P-0032', TO_TIMESTAMP('2024-01-28 08:50:00', 'YYYY-MM-DD HH24:MI:SS'));
INSERT INTO LIFT_LOG (xactID, liftID, passNo, scanTime) VALUES (738, 304, 'P-0034', TO_TIMESTAMP('2024-01-28 09:25:00', 'YYYY-MM-DD HH24:MI:SS'));
INSERT INTO LIFT_LOG (xactID, liftID, passNo, scanTime) VALUES (739, 301, 'P-0035', TO_TIMESTAMP('2024-01-28 09:30:00', 'YYYY-MM-DD HH24:MI:SS'));
INSERT INTO LIFT_LOG (xactID, liftID, passNo, scanTime) VALUES (740, 302, 'P-0037', TO_TIMESTAMP('2024-01-29 08:55:00', 'YYYY-MM-DD HH24:MI:SS'));
INSERT INTO LIFT_LOG (xactID, liftID, passNo, scanTime) VALUES (741, 303, 'P-0039', TO_TIMESTAMP('2024-01-28 10:40:00', 'YYYY-MM-DD HH24:MI:SS'));
INSERT INTO LIFT_LOG (xactID, liftID, passNo, scanTime) VALUES (742, 304, 'P-0040', TO_TIMESTAMP('2024-01-28 11:10:00', 'YYYY-MM-DD HH24:MI:SS'));
INSERT INTO LIFT_LOG (xactID, liftID, passNo, scanTime) VALUES (743, 301, 'P-0041', TO_TIMESTAMP('2024-01-29 09:20:00', 'YYYY-MM-DD HH24:MI:SS'));
INSERT INTO LIFT_LOG (xactID, liftID, passNo, scanTime) VALUES (744, 302, 'P-0031', TO_TIMESTAMP('2024-01-28 10:25:00', 'YYYY-MM-DD HH24:MI:SS'));
INSERT INTO LIFT_LOG (xactID, liftID, passNo, scanTime) VALUES (745, 303, 'P-0034', TO_TIMESTAMP('2024-01-28 11:55:00', 'YYYY-MM-DD HH24:MI:SS'));
INSERT INTO LIFT_LOG (xactID, liftID, passNo, scanTime) VALUES (746, 304, 'P-0035', TO_TIMESTAMP('2024-01-28 13:15:00', 'YYYY-MM-DD HH24:MI:SS'));
INSERT INTO LIFT_LOG (xactID, liftID, passNo, scanTime) VALUES (747, 301, 'P-0042', TO_TIMESTAMP('2024-01-30 09:00:00', 'YYYY-MM-DD HH24:MI:SS'));
INSERT INTO LIFT_LOG (xactID, liftID, passNo, scanTime) VALUES (748, 302, 'P-0043', TO_TIMESTAMP('2024-01-30 09:40:00', 'YYYY-MM-DD HH24:MI:SS'));
INSERT INTO LIFT_LOG (xactID, liftID, passNo, scanTime) VALUES (749, 308, 'P-0044', TO_TIMESTAMP('2024-01-30 08:45:00', 'YYYY-MM-DD HH24:MI:SS'));
INSERT INTO LIFT_LOG (xactID, liftID, passNo, scanTime) VALUES (750, 304, 'P-0045', TO_TIMESTAMP('2024-01-30 09:20:00', 'YYYY-MM-DD HH24:MI:SS'));
INSERT INTO LIFT_LOG (xactID, liftID, passNo, scanTime) VALUES (751, 301, 'P-0046', TO_TIMESTAMP('2024-02-01 09:05:00', 'YYYY-MM-DD HH24:MI:SS'));
INSERT INTO LIFT_LOG (xactID, liftID, passNo, scanTime) VALUES (752, 302, 'P-0047', TO_TIMESTAMP('2024-02-01 08:50:00', 'YYYY-MM-DD HH24:MI:SS'));
INSERT INTO LIFT_LOG (xactID, liftID, passNo, scanTime) VALUES (753, 304, 'P-0049', TO_TIMESTAMP('2024-02-01 09:30:00', 'YYYY-MM-DD HH24:MI:SS'));
INSERT INTO LIFT_LOG (xactID, liftID, passNo, scanTime) VALUES (754, 301, 'P-0050', TO_TIMESTAMP('2024-02-01 09:35:00', 'YYYY-MM-DD HH24:MI:SS'));
INSERT INTO LIFT_LOG (xactID, liftID, passNo, scanTime) VALUES (755, 302, 'P-0052', TO_TIMESTAMP('2024-02-02 08:58:00', 'YYYY-MM-DD HH24:MI:SS'));
INSERT INTO LIFT_LOG (xactID, liftID, passNo, scanTime) VALUES (756, 303, 'P-0054', TO_TIMESTAMP('2024-02-01 10:45:00', 'YYYY-MM-DD HH24:MI:SS'));
INSERT INTO LIFT_LOG (xactID, liftID, passNo, scanTime) VALUES (757, 304, 'P-0055', TO_TIMESTAMP('2024-02-01 11:15:00', 'YYYY-MM-DD HH24:MI:SS'));
INSERT INTO LIFT_LOG (xactID, liftID, passNo, scanTime) VALUES (758, 301, 'P-0056', TO_TIMESTAMP('2024-02-02 09:25:00', 'YYYY-MM-DD HH24:MI:SS'));
INSERT INTO LIFT_LOG (xactID, liftID, passNo, scanTime) VALUES (759, 302, 'P-0046', TO_TIMESTAMP('2024-02-01 10:30:00', 'YYYY-MM-DD HH24:MI:SS'));
INSERT INTO LIFT_LOG (xactID, liftID, passNo, scanTime) VALUES (760, 303, 'P-0049', TO_TIMESTAMP('2024-02-01 12:00:00', 'YYYY-MM-DD HH24:MI:SS'));
INSERT INTO LIFT_LOG (xactID, liftID, passNo, scanTime) VALUES (761, 304, 'P-0050', TO_TIMESTAMP('2024-02-01 13:20:00', 'YYYY-MM-DD HH24:MI:SS'));
INSERT INTO LIFT_LOG (xactID, liftID, passNo, scanTime) VALUES (762, 301, 'P-0057', TO_TIMESTAMP('2024-02-03 09:10:00', 'YYYY-MM-DD HH24:MI:SS'));
INSERT INTO LIFT_LOG (xactID, liftID, passNo, scanTime) VALUES (763, 302, 'P-0058', TO_TIMESTAMP('2024-02-03 09:45:00', 'YYYY-MM-DD HH24:MI:SS'));
INSERT INTO LIFT_LOG (xactID, liftID, passNo, scanTime) VALUES (764, 308, 'P-0059', TO_TIMESTAMP('2024-02-03 08:50:00', 'YYYY-MM-DD HH24:MI:SS'));
INSERT INTO LIFT_LOG (xactID, liftID, passNo, scanTime) VALUES (765, 304, 'P-0060', TO_TIMESTAMP('2024-02-03 09:25:00', 'YYYY-MM-DD HH24:MI:SS'));
INSERT INTO LIFT_LOG (xactID, liftID, passNo, scanTime) VALUES (766, 305, 'P-0016', TO_TIMESTAMP('2024-01-23 14:00:00', 'YYYY-MM-DD HH24:MI:SS'));
INSERT INTO LIFT_LOG (xactID, liftID, passNo, scanTime) VALUES (767, 309, 'P-0019', TO_TIMESTAMP('2024-01-23 09:50:00', 'YYYY-MM-DD HH24:MI:SS'));
INSERT INTO LIFT_LOG (xactID, liftID, passNo, scanTime) VALUES (768, 310, 'P-0024', TO_TIMESTAMP('2024-01-23 10:00:00', 'YYYY-MM-DD HH24:MI:SS'));
INSERT INTO LIFT_LOG (xactID, liftID, passNo, scanTime) VALUES (769, 311, 'P-0027', TO_TIMESTAMP('2024-01-25 09:45:00', 'YYYY-MM-DD HH24:MI:SS'));
INSERT INTO LIFT_LOG (xactID, liftID, passNo, scanTime) VALUES (770, 312, 'P-0030', TO_TIMESTAMP('2024-01-25 10:00:00', 'YYYY-MM-DD HH24:MI:SS'));
INSERT INTO LIFT_LOG (xactID, liftID, passNo, scanTime) VALUES (771, 301, 'P-0061', TO_TIMESTAMP('2024-02-04 09:15:00', 'YYYY-MM-DD HH24:MI:SS'));
INSERT INTO LIFT_LOG (xactID, liftID, passNo, scanTime) VALUES (772, 302, 'P-0062', TO_TIMESTAMP('2024-02-04 09:00:00', 'YYYY-MM-DD HH24:MI:SS'));
INSERT INTO LIFT_LOG (xactID, liftID, passNo, scanTime) VALUES (773, 304, 'P-0064', TO_TIMESTAMP('2024-02-04 09:35:00', 'YYYY-MM-DD HH24:MI:SS'));
INSERT INTO LIFT_LOG (xactID, liftID, passNo, scanTime) VALUES (774, 301, 'P-0065', TO_TIMESTAMP('2024-02-04 09:40:00', 'YYYY-MM-DD HH24:MI:SS'));
INSERT INTO LIFT_LOG (xactID, liftID, passNo, scanTime) VALUES (775, 302, 'P-0067', TO_TIMESTAMP('2024-02-05 09:05:00', 'YYYY-MM-DD HH24:MI:SS'));
INSERT INTO LIFT_LOG (xactID, liftID, passNo, scanTime) VALUES (776, 303, 'P-0069', TO_TIMESTAMP('2024-02-04 10:50:00', 'YYYY-MM-DD HH24:MI:SS'));
INSERT INTO LIFT_LOG (xactID, liftID, passNo, scanTime) VALUES (777, 304, 'P-0070', TO_TIMESTAMP('2024-02-04 11:20:00', 'YYYY-MM-DD HH24:MI:SS'));
INSERT INTO LIFT_LOG (xactID, liftID, passNo, scanTime) VALUES (778, 301, 'P-0071', TO_TIMESTAMP('2024-02-05 09:30:00', 'YYYY-MM-DD HH24:MI:SS'));
INSERT INTO LIFT_LOG (xactID, liftID, passNo, scanTime) VALUES (779, 302, 'P-0061', TO_TIMESTAMP('2024-02-04 10:35:00', 'YYYY-MM-DD HH24:MI:SS'));
INSERT INTO LIFT_LOG (xactID, liftID, passNo, scanTime) VALUES (780, 303, 'P-0064', TO_TIMESTAMP('2024-02-04 12:05:00', 'YYYY-MM-DD HH24:MI:SS'));
INSERT INTO LIFT_LOG (xactID, liftID, passNo, scanTime) VALUES (781, 304, 'P-0065', TO_TIMESTAMP('2024-02-04 13:25:00', 'YYYY-MM-DD HH24:MI:SS'));
INSERT INTO LIFT_LOG (xactID, liftID, passNo, scanTime) VALUES (782, 301, 'P-0072', TO_TIMESTAMP('2024-02-06 09:05:00', 'YYYY-MM-DD HH24:MI:SS'));
INSERT INTO LIFT_LOG (xactID, liftID, passNo, scanTime) VALUES (783, 302, 'P-0073', TO_TIMESTAMP('2024-02-06 09:50:00', 'YYYY-MM-DD HH24:MI:SS'));
INSERT INTO LIFT_LOG (xactID, liftID, passNo, scanTime) VALUES (784, 308, 'P-0074', TO_TIMESTAMP('2024-02-06 08:55:00', 'YYYY-MM-DD HH24:MI:SS'));
INSERT INTO LIFT_LOG (xactID, liftID, passNo, scanTime) VALUES (785, 304, 'P-0075', TO_TIMESTAMP('2024-02-06 09:30:00', 'YYYY-MM-DD HH24:MI:SS'));
INSERT INTO LIFT_LOG (xactID, liftID, passNo, scanTime) VALUES (786, 314, 'P-0016', TO_TIMESTAMP('2024-01-23 10:10:00', 'YYYY-MM-DD HH24:MI:SS'));
INSERT INTO LIFT_LOG (xactID, liftID, passNo, scanTime) VALUES (787, 315, 'P-0020', TO_TIMESTAMP('2024-01-23 08:00:00', 'YYYY-MM-DD HH24:MI:SS'));
INSERT INTO LIFT_LOG (xactID, liftID, passNo, scanTime) VALUES (788, 301, 'P-0001', TO_TIMESTAMP('2024-01-23 09:00:00', 'YYYY-MM-DD HH24:MI:SS'));
INSERT INTO LIFT_LOG (xactID, liftID, passNo, scanTime) VALUES (789, 302, 'P-0004', TO_TIMESTAMP('2024-01-24 09:00:00', 'YYYY-MM-DD HH24:MI:SS'));
INSERT INTO LIFT_LOG (xactID, liftID, passNo, scanTime) VALUES (790, 304, 'P-0005', TO_TIMESTAMP('2024-01-25 09:00:00', 'YYYY-MM-DD HH24:MI:SS'));
INSERT INTO LIFT_LOG (xactID, liftID, passNo, scanTime) VALUES (791, 301, 'P-0007', TO_TIMESTAMP('2024-01-26 09:00:00', 'YYYY-MM-DD HH24:MI:SS'));
INSERT INTO LIFT_LOG (xactID, liftID, passNo, scanTime) VALUES (792, 303, 'P-0009', TO_TIMESTAMP('2024-01-27 09:00:00', 'YYYY-MM-DD HH24:MI:SS'));
INSERT INTO LIFT_LOG (xactID, liftID, passNo, scanTime) VALUES (793, 304, 'P-0010', TO_TIMESTAMP('2024-01-28 09:00:00', 'YYYY-MM-DD HH24:MI:SS'));
INSERT INTO LIFT_LOG (xactID, liftID, passNo, scanTime) VALUES (794, 301, 'P-0012', TO_TIMESTAMP('2024-01-29 09:00:00', 'YYYY-MM-DD HH24:MI:SS'));
INSERT INTO LIFT_LOG (xactID, liftID, passNo, scanTime) VALUES (795, 302, 'P-0013', TO_TIMESTAMP('2024-01-30 09:00:00', 'YYYY-MM-DD HH24:MI:SS'));
INSERT INTO LIFT_LOG (xactID, liftID, passNo, scanTime) VALUES (796, 308, 'P-0015', TO_TIMESTAMP('2024-01-31 09:00:00', 'YYYY-MM-DD HH24:MI:SS'));
INSERT INTO LIFT_LOG (xactID, liftID, passNo, scanTime) VALUES (797, 304, 'P-0016', TO_TIMESTAMP('2024-02-01 09:00:00', 'YYYY-MM-DD HH24:MI:SS'));
INSERT INTO LIFT_LOG (xactID, liftID, passNo, scanTime) VALUES (798, 301, 'P-0019', TO_TIMESTAMP('2024-02-02 09:00:00', 'YYYY-MM-DD HH24:MI:SS'));
INSERT INTO LIFT_LOG (xactID, liftID, passNo, scanTime) VALUES (799, 302, 'P-0020', TO_TIMESTAMP('2024-02-03 09:00:00', 'YYYY-MM-DD HH24:MI:SS'));
INSERT INTO LIFT_LOG (xactID, liftID, passNo, scanTime) VALUES (800, 305, 'P-0022', TO_TIMESTAMP('2024-02-04 09:00:00', 'YYYY-MM-DD HH24:MI:SS'));
COMMIT;

-- RENTAL_LOG Data
INSERT INTO RENTAL_LOG (rentalID, passNo, rentalTime, returnTime, isReturned, eID) VALUES (801, 'P-0001', TO_TIMESTAMP('2024-01-21 08:45:00', 'YYYY-MM-DD HH24:MI:SS'), NULL, 0, 403);
INSERT INTO RENTAL_LOG (rentalID, passNo, rentalTime, returnTime, isReturned, eID) VALUES (802, 'P-0004', TO_TIMESTAMP('2024-01-21 09:00:00', 'YYYY-MM-DD HH24:MI:SS'), NULL, 0, 406);
INSERT INTO RENTAL_LOG (rentalID, passNo, rentalTime, returnTime, isReturned, eID) VALUES (803, 'P-0005', TO_TIMESTAMP('2024-01-21 09:10:00', 'YYYY-MM-DD HH24:MI:SS'), NULL, 0, 408);
INSERT INTO RENTAL_LOG (rentalID, passNo, rentalTime, returnTime, isReturned, eID) VALUES (804, 'P-0009', TO_TIMESTAMP('2024-01-21 09:12:00', 'YYYY-MM-DD HH24:MI:SS'), NULL, 0, 413);
INSERT INTO RENTAL_LOG (rentalID, passNo, rentalTime, returnTime, isReturned, eID) VALUES (805, 'P-0010', TO_TIMESTAMP('2024-01-21 09:18:00', 'YYYY-MM-DD HH24:MI:SS'), NULL, 0, 416);
INSERT INTO RENTAL_LOG (rentalID, passNo, rentalTime, returnTime, isReturned, eID) VALUES (806, 'P-0002', TO_TIMESTAMP('2024-01-20 08:30:00', 'YYYY-MM-DD HH24:MI:SS'), TO_TIMESTAMP('2024-01-20 16:30:00', 'YYYY-MM-DD HH24:MI:SS'), 1, 401);
INSERT INTO RENTAL_LOG (rentalID, passNo, rentalTime, returnTime, isReturned, eID) VALUES (807, 'P-0006', TO_TIMESTAMP('2024-01-15 09:15:00', 'YYYY-MM-DD HH24:MI:SS'), TO_TIMESTAMP('2024-01-15 17:00:00', 'YYYY-MM-DD HH24:MI:SS'), 1, 404);
INSERT INTO RENTAL_LOG (rentalID, passNo, rentalTime, returnTime, isReturned, eID) VALUES (808, 'P-0007', TO_TIMESTAMP('2024-01-18 09:00:00', 'YYYY-MM-DD HH24:MI:SS'), TO_TIMESTAMP('2024-01-18 16:45:00', 'YYYY-MM-DD HH24:MI:SS'), 1, 407);
INSERT INTO RENTAL_LOG (rentalID, passNo, rentalTime, returnTime, isReturned, eID) VALUES (809, 'P-0011', TO_TIMESTAMP('2024-01-21 08:50:00', 'YYYY-MM-DD HH24:MI:SS'), TO_TIMESTAMP('2024-01-21 16:55:00', 'YYYY-MM-DD HH24:MI:SS'), 1, 410);
INSERT INTO RENTAL_LOG (rentalID, passNo, rentalTime, returnTime, isReturned, eID) VALUES (810, 'P-0012', TO_TIMESTAMP('2024-01-19 10:00:00', 'YYYY-MM-DD HH24:MI:SS'), TO_TIMESTAMP('2024-01-19 16:30:00', 'YYYY-MM-DD HH24:MI:SS'), 1, 412);
INSERT INTO RENTAL_LOG (rentalID, passNo, rentalTime, returnTime, isReturned, eID) VALUES (811, 'P-0013', TO_TIMESTAMP('2024-01-20 10:30:00', 'YYYY-MM-DD HH24:MI:SS'), TO_TIMESTAMP('2024-01-20 17:15:00', 'YYYY-MM-DD HH24:MI:SS'), 1, 415);
INSERT INTO RENTAL_LOG (rentalID, passNo, rentalTime, returnTime, isReturned, eID) VALUES (812, 'P-0014', TO_TIMESTAMP('2024-01-22 08:10:00', 'YYYY-MM-DD HH24:MI:SS'), TO_TIMESTAMP('2024-01-22 16:40:00', 'YYYY-MM-DD HH24:MI:SS'), 1, 418);
INSERT INTO RENTAL_LOG (rentalID, passNo, rentalTime, returnTime, isReturned, eID) VALUES (813, 'P-0015', TO_TIMESTAMP('2024-01-22 08:55:00', 'YYYY-MM-DD HH24:MI:SS'), TO_TIMESTAMP('2024-01-22 17:05:00', 'YYYY-MM-DD HH24:MI:SS'), 1, 420);
INSERT INTO RENTAL_LOG (rentalID, passNo, rentalTime, returnTime, isReturned, eID) VALUES (814, 'P-0001', TO_TIMESTAMP('2024-01-14 09:00:00', 'YYYY-MM-DD HH24:MI:SS'), TO_TIMESTAMP('2024-01-14 16:30:00', 'YYYY-MM-DD HH24:MI:SS'), 1, 402);
INSERT INTO RENTAL_LOG (rentalID, passNo, rentalTime, returnTime, isReturned, eID) VALUES (815, 'P-0004', TO_TIMESTAMP('2024-01-10 09:30:00', 'YYYY-MM-DD HH24:MI:SS'), TO_TIMESTAMP('2024-01-10 17:00:00', 'YYYY-MM-DD HH24:MI:SS'), 1, 405);
INSERT INTO RENTAL_LOG (rentalID, passNo, rentalTime, returnTime, isReturned, eID) VALUES (816, 'P-0016', TO_TIMESTAMP('2024-01-23 08:50:00', 'YYYY-MM-DD HH24:MI:SS'), NULL, 0, 421);
INSERT INTO RENTAL_LOG (rentalID, passNo, rentalTime, returnTime, isReturned, eID) VALUES (817, 'P-0017', TO_TIMESTAMP('2024-01-23 08:35:00', 'YYYY-MM-DD HH24:MI:SS'), TO_TIMESTAMP('2024-01-23 16:30:00', 'YYYY-MM-DD HH24:MI:SS'), 1, 422);
INSERT INTO RENTAL_LOG (rentalID, passNo, rentalTime, returnTime, isReturned, eID) VALUES (818, 'P-0019', TO_TIMESTAMP('2024-01-23 09:05:00', 'YYYY-MM-DD HH24:MI:SS'), NULL, 0, 423);
INSERT INTO RENTAL_LOG (rentalID, passNo, rentalTime, returnTime, isReturned, eID) VALUES (819, 'P-0020', TO_TIMESTAMP('2024-01-23 09:15:00', 'YYYY-MM-DD HH24:MI:SS'), NULL, 0, 424);
INSERT INTO RENTAL_LOG (rentalID, passNo, rentalTime, returnTime, isReturned, eID) VALUES (820, 'P-0022', TO_TIMESTAMP('2024-01-24 08:40:00', 'YYYY-MM-DD HH24:MI:SS'), TO_TIMESTAMP('2024-01-24 16:45:00', 'YYYY-MM-DD HH24:MI:SS'), 1, 425);
INSERT INTO RENTAL_LOG (rentalID, passNo, rentalTime, returnTime, isReturned, eID) VALUES (821, 'P-0024', TO_TIMESTAMP('2024-01-23 09:20:00', 'YYYY-MM-DD HH24:MI:SS'), NULL, 0, 426);
INSERT INTO RENTAL_LOG (rentalID, passNo, rentalTime, returnTime, isReturned, eID) VALUES (822, 'P-0025', TO_TIMESTAMP('2024-01-23 09:22:00', 'YYYY-MM-DD HH24:MI:SS'), TO_TIMESTAMP('2024-01-23 17:00:00', 'YYYY-MM-DD HH24:MI:SS'), 1, 427);
INSERT INTO RENTAL_LOG (rentalID, passNo, rentalTime, returnTime, isReturned, eID) VALUES (823, 'P-0026', TO_TIMESTAMP('2024-01-24 09:00:00', 'YYYY-MM-DD HH24:MI:SS'), NULL, 0, 428);
INSERT INTO RENTAL_LOG (rentalID, passNo, rentalTime, returnTime, isReturned, eID) VALUES (824, 'P-0016', TO_TIMESTAMP('2024-01-24 08:55:00', 'YYYY-MM-DD HH24:MI:SS'), TO_TIMESTAMP('2024-01-24 16:50:00', 'YYYY-MM-DD HH24:MI:SS'), 1, 429);
INSERT INTO RENTAL_LOG (rentalID, passNo, rentalTime, returnTime, isReturned, eID) VALUES (825, 'P-0019', TO_TIMESTAMP('2024-01-24 09:10:00', 'YYYY-MM-DD HH24:MI:SS'), TO_TIMESTAMP('2024-01-24 17:05:00', 'YYYY-MM-DD HH24:MI:SS'), 1, 430);
INSERT INTO RENTAL_LOG (rentalID, passNo, rentalTime, returnTime, isReturned, eID) VALUES (826, 'P-0020', TO_TIMESTAMP('2024-01-24 09:12:00', 'YYYY-MM-DD HH24:MI:SS'), TO_TIMESTAMP('2024-01-24 16:55:00', 'YYYY-MM-DD HH24:MI:SS'), 1, 431);
INSERT INTO RENTAL_LOG (rentalID, passNo, rentalTime, returnTime, isReturned, eID) VALUES (827, 'P-0027', TO_TIMESTAMP('2024-01-25 08:45:00', 'YYYY-MM-DD HH24:MI:SS'), NULL, 0, 432);
INSERT INTO RENTAL_LOG (rentalID, passNo, rentalTime, returnTime, isReturned, eID) VALUES (828, 'P-0028', TO_TIMESTAMP('2024-01-25 09:00:00', 'YYYY-MM-DD HH24:MI:SS'), TO_TIMESTAMP('2024-01-25 16:30:00', 'YYYY-MM-DD HH24:MI:SS'), 1, 433);
INSERT INTO RENTAL_LOG (rentalID, passNo, rentalTime, returnTime, isReturned, eID) VALUES (829, 'P-0029', TO_TIMESTAMP('2024-01-25 08:30:00', 'YYYY-MM-DD HH24:MI:SS'), NULL, 0, 434);
INSERT INTO RENTAL_LOG (rentalID, passNo, rentalTime, returnTime, isReturned, eID) VALUES (830, 'P-0030', TO_TIMESTAMP('2024-01-25 09:05:00', 'YYYY-MM-DD HH24:MI:SS'), TO_TIMESTAMP('2024-01-25 17:00:00', 'YYYY-MM-DD HH24:MI:SS'), 1, 435);
INSERT INTO RENTAL_LOG (rentalID, passNo, rentalTime, returnTime, isReturned, eID) VALUES (831, 'P-0031', TO_TIMESTAMP('2024-01-28 08:48:00', 'YYYY-MM-DD HH24:MI:SS'), NULL, 0, 401);
INSERT INTO RENTAL_LOG (rentalID, passNo, rentalTime, returnTime, isReturned, eID) VALUES (832, 'P-0032', TO_TIMESTAMP('2024-01-28 08:38:00', 'YYYY-MM-DD HH24:MI:SS'), TO_TIMESTAMP('2024-01-28 16:38:00', 'YYYY-MM-DD HH24:MI:SS'), 1, 402);
INSERT INTO RENTAL_LOG (rentalID, passNo, rentalTime, returnTime, isReturned, eID) VALUES (833, 'P-0034', TO_TIMESTAMP('2024-01-28 09:08:00', 'YYYY-MM-DD HH24:MI:SS'), NULL, 0, 404);
INSERT INTO RENTAL_LOG (rentalID, passNo, rentalTime, returnTime, isReturned, eID) VALUES (834, 'P-0035', TO_TIMESTAMP('2024-01-28 09:18:00', 'YYYY-MM-DD HH24:MI:SS'), NULL, 0, 405);
INSERT INTO RENTAL_LOG (rentalID, passNo, rentalTime, returnTime, isReturned, eID) VALUES (835, 'P-0037', TO_TIMESTAMP('2024-01-29 08:42:00', 'YYYY-MM-DD HH24:MI:SS'), TO_TIMESTAMP('2024-01-29 16:42:00', 'YYYY-MM-DD HH24:MI:SS'), 1, 407);
INSERT INTO RENTAL_LOG (rentalID, passNo, rentalTime, returnTime, isReturned, eID) VALUES (836, 'P-0039', TO_TIMESTAMP('2024-01-28 09:22:00', 'YYYY-MM-DD HH24:MI:SS'), NULL, 0, 409);
INSERT INTO RENTAL_LOG (rentalID, passNo, rentalTime, returnTime, isReturned, eID) VALUES (837, 'P-0040', TO_TIMESTAMP('2024-01-28 09:24:00', 'YYYY-MM-DD HH24:MI:SS'), TO_TIMESTAMP('2024-01-28 17:02:00', 'YYYY-MM-DD HH24:MI:SS'), 1, 410);
INSERT INTO RENTAL_LOG (rentalID, passNo, rentalTime, returnTime, isReturned, eID) VALUES (838, 'P-0041', TO_TIMESTAMP('2024-01-29 09:02:00', 'YYYY-MM-DD HH24:MI:SS'), NULL, 0, 411);
INSERT INTO RENTAL_LOG (rentalID, passNo, rentalTime, returnTime, isReturned, eID) VALUES (839, 'P-0031', TO_TIMESTAMP('2024-01-29 08:58:00', 'YYYY-MM-DD HH24:MI:SS'), TO_TIMESTAMP('2024-01-29 16:52:00', 'YYYY-MM-DD HH24:MI:SS'), 1, 412);
INSERT INTO RENTAL_LOG (rentalID, passNo, rentalTime, returnTime, isReturned, eID) VALUES (840, 'P-0034', TO_TIMESTAMP('2024-01-29 09:11:00', 'YYYY-MM-DD HH24:MI:SS'), TO_TIMESTAMP('2024-01-29 17:08:00', 'YYYY-MM-DD HH24:MI:SS'), 1, 414);
INSERT INTO RENTAL_LOG (rentalID, passNo, rentalTime, returnTime, isReturned, eID) VALUES (841, 'P-0035', TO_TIMESTAMP('2024-01-29 09:14:00', 'YYYY-MM-DD HH24:MI:SS'), TO_TIMESTAMP('2024-01-29 16:58:00', 'YYYY-MM-DD HH24:MI:SS'), 1, 415);
INSERT INTO RENTAL_LOG (rentalID, passNo, rentalTime, returnTime, isReturned, eID) VALUES (842, 'P-0042', TO_TIMESTAMP('2024-01-30 08:52:00', 'YYYY-MM-DD HH24:MI:SS'), NULL, 0, 417);
INSERT INTO RENTAL_LOG (rentalID, passNo, rentalTime, returnTime, isReturned, eID) VALUES (843, 'P-0043', TO_TIMESTAMP('2024-01-30 09:04:00', 'YYYY-MM-DD HH24:MI:SS'), TO_TIMESTAMP('2024-01-30 16:34:00', 'YYYY-MM-DD HH24:MI:SS'), 1, 418);
INSERT INTO RENTAL_LOG (rentalID, passNo, rentalTime, returnTime, isReturned, eID) VALUES (844, 'P-0044', TO_TIMESTAMP('2024-01-30 08:34:00', 'YYYY-MM-DD HH24:MI:SS'), NULL, 0, 420);
INSERT INTO RENTAL_LOG (rentalID, passNo, rentalTime, returnTime, isReturned, eID) VALUES (845, 'P-0045', TO_TIMESTAMP('2024-01-30 09:08:00', 'YYYY-MM-DD HH24:MI:SS'), TO_TIMESTAMP('2024-01-30 17:04:00', 'YYYY-MM-DD HH24:MI:SS'), 1, 421);
INSERT INTO RENTAL_LOG (rentalID, passNo, rentalTime, returnTime, isReturned, eID) VALUES (846, 'P-0046', TO_TIMESTAMP('2024-02-01 08:51:00', 'YYYY-MM-DD HH24:MI:SS'), NULL, 0, 422);
INSERT INTO RENTAL_LOG (rentalID, passNo, rentalTime, returnTime, isReturned, eID) VALUES (847, 'P-0047', TO_TIMESTAMP('2024-02-01 08:31:00', 'YYYY-MM-DD HH24:MI:SS'), TO_TIMESTAMP('2024-02-01 16:31:00', 'YYYY-MM-DD HH24:MI:SS'), 1, 423);
INSERT INTO RENTAL_LOG (rentalID, passNo, rentalTime, returnTime, isReturned, eID) VALUES (848, 'P-0049', TO_TIMESTAMP('2024-02-01 09:11:00', 'YYYY-MM-DD HH24:MI:SS'), NULL, 0, 424);
INSERT INTO RENTAL_LOG (rentalID, passNo, rentalTime, returnTime, isReturned, eID) VALUES (849, 'P-0050', TO_TIMESTAMP('2024-02-01 09:21:00', 'YYYY-MM-DD HH24:MI:SS'), NULL, 0, 425);
INSERT INTO RENTAL_LOG (rentalID, passNo, rentalTime, returnTime, isReturned, eID) VALUES (850, 'P-0052', TO_TIMESTAMP('2024-02-02 08:41:00', 'YYYY-MM-DD HH24:MI:SS'), TO_TIMESTAMP('2024-02-02 16:41:00', 'YYYY-MM-DD HH24:MI:SS'), 1, 426);
INSERT INTO RENTAL_LOG (rentalID, passNo, rentalTime, returnTime, isReturned, eID) VALUES (851, 'P-0054', TO_TIMESTAMP('2024-02-01 09:23:00', 'YYYY-MM-DD HH24:MI:SS'), NULL, 0, 427);
INSERT INTO RENTAL_LOG (rentalID, passNo, rentalTime, returnTime, isReturned, eID) VALUES (852, 'P-0055', TO_TIMESTAMP('2024-02-01 09:25:00', 'YYYY-MM-DD HH24:MI:SS'), TO_TIMESTAMP('2024-02-01 17:03:00', 'YYYY-MM-DD HH24:MI:SS'), 1, 428);
INSERT INTO RENTAL_LOG (rentalID, passNo, rentalTime, returnTime, isReturned, eID) VALUES (853, 'P-0056', TO_TIMESTAMP('2024-02-02 09:01:00', 'YYYY-MM-DD HH24:MI:SS'), NULL, 0, 429);
INSERT INTO RENTAL_LOG (rentalID, passNo, rentalTime, returnTime, isReturned, eID) VALUES (854, 'P-0046', TO_TIMESTAMP('2024-02-02 08:59:00', 'YYYY-MM-DD HH24:MI:SS'), TO_TIMESTAMP('2024-02-02 16:53:00', 'YYYY-MM-DD HH24:MI:SS'), 1, 430);
INSERT INTO RENTAL_LOG (rentalID, passNo, rentalTime, returnTime, isReturned, eID) VALUES (855, 'P-0049', TO_TIMESTAMP('2024-02-02 09:13:00', 'YYYY-MM-DD HH24:MI:SS'), TO_TIMESTAMP('2024-02-02 17:09:00', 'YYYY-MM-DD HH24:MI:SS'), 1, 431);
INSERT INTO RENTAL_LOG (rentalID, passNo, rentalTime, returnTime, isReturned, eID) VALUES (856, 'P-0050', TO_TIMESTAMP('2024-02-02 09:16:00', 'YYYY-MM-DD HH24:MI:SS'), TO_TIMESTAMP('2024-02-02 16:59:00', 'YYYY-MM-DD HH24:MI:SS'), 1, 432);
INSERT INTO RENTAL_LOG (rentalID, passNo, rentalTime, returnTime, isReturned, eID) VALUES (857, 'P-0057', TO_TIMESTAMP('2024-02-03 08:53:00', 'YYYY-MM-DD HH24:MI:SS'), NULL, 0, 433);
INSERT INTO RENTAL_LOG (rentalID, passNo, rentalTime, returnTime, isReturned, eID) VALUES (858, 'P-0058', TO_TIMESTAMP('2024-02-03 09:06:00', 'YYYY-MM-DD HH24:MI:SS'), TO_TIMESTAMP('2024-02-03 16:36:00', 'YYYY-MM-DD HH24:MI:SS'), 1, 434);
INSERT INTO RENTAL_LOG (rentalID, passNo, rentalTime, returnTime, isReturned, eID) VALUES (859, 'P-0059', TO_TIMESTAMP('2024-02-03 08:36:00', 'YYYY-MM-DD HH24:MI:SS'), NULL, 0, 435);
INSERT INTO RENTAL_LOG (rentalID, passNo, rentalTime, returnTime, isReturned, eID) VALUES (860, 'P-0060', TO_TIMESTAMP('2024-02-03 09:09:00', 'YYYY-MM-DD HH24:MI:SS'), TO_TIMESTAMP('2024-02-03 17:06:00', 'YYYY-MM-DD HH24:MI:SS'), 1, 436);
INSERT INTO RENTAL_LOG (rentalID, passNo, rentalTime, returnTime, isReturned, eID) VALUES (861, 'P-0061', TO_TIMESTAMP('2024-02-04 08:54:00', 'YYYY-MM-DD HH24:MI:SS'), NULL, 0, 437);
INSERT INTO RENTAL_LOG (rentalID, passNo, rentalTime, returnTime, isReturned, eID) VALUES (862, 'P-0062', TO_TIMESTAMP('2024-02-04 08:33:00', 'YYYY-MM-DD HH24:MI:SS'), TO_TIMESTAMP('2024-02-04 16:33:00', 'YYYY-MM-DD HH24:MI:SS'), 1, 438);
INSERT INTO RENTAL_LOG (rentalID, passNo, rentalTime, returnTime, isReturned, eID) VALUES (863, 'P-0064', TO_TIMESTAMP('2024-02-04 09:13:00', 'YYYY-MM-DD HH24:MI:SS'), NULL, 0, 439);
INSERT INTO RENTAL_LOG (rentalID, passNo, rentalTime, returnTime, isReturned, eID) VALUES (864, 'P-0065', TO_TIMESTAMP('2024-02-04 09:23:00', 'YYYY-MM-DD HH24:MI:SS'), NULL, 0, 440);
INSERT INTO RENTAL_LOG (rentalID, passNo, rentalTime, returnTime, isReturned, eID) VALUES (865, 'P-0067', TO_TIMESTAMP('2024-02-05 08:43:00', 'YYYY-MM-DD HH24:MI:SS'), TO_TIMESTAMP('2024-02-05 16:43:00', 'YYYY-MM-DD HH24:MI:SS'), 1, 441);
INSERT INTO RENTAL_LOG (rentalID, passNo, rentalTime, returnTime, isReturned, eID) VALUES (866, 'P-0069', TO_TIMESTAMP('2024-02-04 09:24:00', 'YYYY-MM-DD HH24:MI:SS'), NULL, 0, 442);
INSERT INTO RENTAL_LOG (rentalID, passNo, rentalTime, returnTime, isReturned, eID) VALUES (867, 'P-0070', TO_TIMESTAMP('2024-02-04 09:26:00', 'YYYY-MM-DD HH24:MI:SS'), TO_TIMESTAMP('2024-02-04 17:04:00', 'YYYY-MM-DD HH24:MI:SS'), 1, 443);
INSERT INTO RENTAL_LOG (rentalID, passNo, rentalTime, returnTime, isReturned, eID) VALUES (868, 'P-0071', TO_TIMESTAMP('2024-02-05 09:03:00', 'YYYY-MM-DD HH24:MI:SS'), NULL, 0, 444);
INSERT INTO RENTAL_LOG (rentalID, passNo, rentalTime, returnTime, isReturned, eID) VALUES (869, 'P-0061', TO_TIMESTAMP('2024-02-05 08:56:00', 'YYYY-MM-DD HH24:MI:SS'), TO_TIMESTAMP('2024-02-05 16:54:00', 'YYYY-MM-DD HH24:MI:SS'), 1, 445);
INSERT INTO RENTAL_LOG (rentalID, passNo, rentalTime, returnTime, isReturned, eID) VALUES (870, 'P-0064', TO_TIMESTAMP('2024-02-05 09:15:00', 'YYYY-MM-DD HH24:MI:SS'), TO_TIMESTAMP('2024-02-05 17:11:00', 'YYYY-MM-DD HH24:MI:SS'), 1, 446);
INSERT INTO RENTAL_LOG (rentalID, passNo, rentalTime, returnTime, isReturned, eID) VALUES (871, 'P-0065', TO_TIMESTAMP('2024-02-05 09:18:00', 'YYYY-MM-DD HH24:MI:SS'), TO_TIMESTAMP('2024-02-05 17:00:00', 'YYYY-MM-DD HH24:MI:SS'), 1, 447);
INSERT INTO RENTAL_LOG (rentalID, passNo, rentalTime, returnTime, isReturned, eID) VALUES (872, 'P-0072', TO_TIMESTAMP('2024-02-06 08:54:00', 'YYYY-MM-DD HH24:MI:SS'), NULL, 0, 448);
INSERT INTO RENTAL_LOG (rentalID, passNo, rentalTime, returnTime, isReturned, eID) VALUES (873, 'P-0073', TO_TIMESTAMP('2024-02-06 09:07:00', 'YYYY-MM-DD HH24:MI:SS'), TO_TIMESTAMP('2024-02-06 16:37:00', 'YYYY-MM-DD HH24:MI:SS'), 1, 449);
INSERT INTO RENTAL_LOG (rentalID, passNo, rentalTime, returnTime, isReturned, eID) VALUES (874, 'P-0074', TO_TIMESTAMP('2024-02-06 08:37:00', 'YYYY-MM-DD HH24:MI:SS'), NULL, 0, 450);
INSERT INTO RENTAL_LOG (rentalID, passNo, rentalTime, returnTime, isReturned, eID) VALUES (875, 'P-0075', TO_TIMESTAMP('2024-02-06 09:09:00', 'YYYY-MM-DD HH24:MI:SS'), TO_TIMESTAMP('2024-02-06 17:07:00', 'YYYY-MM-DD HH24:MI:SS'), 1, 401);
INSERT INTO RENTAL_LOG (rentalID, passNo, rentalTime, returnTime, isReturned, eID) VALUES (876, 'P-0001', TO_TIMESTAMP('2024-01-23 08:45:00', 'YYYY-MM-DD HH24:MI:SS'), TO_TIMESTAMP('2024-01-23 16:40:00', 'YYYY-MM-DD HH24:MI:SS'), 1, 403);
INSERT INTO RENTAL_LOG (rentalID, passNo, rentalTime, returnTime, isReturned, eID) VALUES (877, 'P-0004', TO_TIMESTAMP('2024-01-24 09:00:00', 'YYYY-MM-DD HH24:MI:SS'), TO_TIMESTAMP('2024-01-24 16:50:00', 'YYYY-MM-DD HH24:MI:SS'), 1, 406);
INSERT INTO RENTAL_LOG (rentalID, passNo, rentalTime, returnTime, isReturned, eID) VALUES (878, 'P-0005', TO_TIMESTAMP('2024-01-25 09:10:00', 'YYYY-MM-DD HH24:MI:SS'), TO_TIMESTAMP('2024-01-25 17:00:00', 'YYYY-MM-DD HH24:MI:SS'), 1, 408);
INSERT INTO RENTAL_LOG (rentalID, passNo, rentalTime, returnTime, isReturned, eID) VALUES (879, 'P-0009', TO_TIMESTAMP('2024-01-28 09:12:00', 'YYYY-MM-DD HH24:MI:SS'), TO_TIMESTAMP('2024-01-28 17:10:00', 'YYYY-MM-DD HH24:MI:SS'), 1, 413);
INSERT INTO RENTAL_LOG (rentalID, passNo, rentalTime, returnTime, isReturned, eID) VALUES (880, 'P-0010', TO_TIMESTAMP('2024-01-29 09:18:00', 'YYYY-MM-DD HH24:MI:SS'), TO_TIMESTAMP('2024-01-29 17:15:00', 'YYYY-MM-DD HH24:MI:SS'), 1, 416);
INSERT INTO RENTAL_LOG (rentalID, passNo, rentalTime, returnTime, isReturned, eID) VALUES (881, 'P-0016', TO_TIMESTAMP('2024-01-25 08:50:00', 'YYYY-MM-DD HH24:MI:SS'), TO_TIMESTAMP('2024-01-25 16:45:00', 'YYYY-MM-DD HH24:MI:SS'), 1, 421);
INSERT INTO RENTAL_LOG (rentalID, passNo, rentalTime, returnTime, isReturned, eID) VALUES (882, 'P-0019', TO_TIMESTAMP('2024-01-25 09:05:00', 'YYYY-MM-DD HH24:MI:SS'), TO_TIMESTAMP('2024-01-25 16:55:00', 'YYYY-MM-DD HH24:MI:SS'), 1, 423);
INSERT INTO RENTAL_LOG (rentalID, passNo, rentalTime, returnTime, isReturned, eID) VALUES (883, 'P-0024', TO_TIMESTAMP('2024-01-25 09:20:00', 'YYYY-MM-DD HH24:MI:SS'), TO_TIMESTAMP('2024-01-25 17:10:00', 'YYYY-MM-DD HH24:MI:SS'), 1, 426);
INSERT INTO RENTAL_LOG (rentalID, passNo, rentalTime, returnTime, isReturned, eID) VALUES (884, 'P-0026', TO_TIMESTAMP('2024-01-25 09:00:00', 'YYYY-MM-DD HH24:MI:SS'), TO_TIMESTAMP('2024-01-25 16:50:00', 'YYYY-MM-DD HH24:MI:SS'), 1, 428);
INSERT INTO RENTAL_LOG (rentalID, passNo, rentalTime, returnTime, isReturned, eID) VALUES (885, 'P-0027', TO_TIMESTAMP('2024-01-28 08:45:00', 'YYYY-MM-DD HH24:MI:SS'), TO_TIMESTAMP('2024-01-28 16:40:00', 'YYYY-MM-DD HH24:MI:SS'), 1, 432);
INSERT INTO RENTAL_LOG (rentalID, passNo, rentalTime, returnTime, isReturned, eID) VALUES (886, 'P-0029', TO_TIMESTAMP('2024-01-28 08:30:00', 'YYYY-MM-DD HH24:MI:SS'), TO_TIMESTAMP('2024-01-28 16:35:00', 'YYYY-MM-DD HH24:MI:SS'), 1, 434);
INSERT INTO RENTAL_LOG (rentalID, passNo, rentalTime, returnTime, isReturned, eID) VALUES (887, 'P-0036', TO_TIMESTAMP('2024-01-29 09:22:00', 'YYYY-MM-DD HH24:MI:SS'), TO_TIMESTAMP('2024-01-29 17:12:00', 'YYYY-MM-DD HH24:MI:SS'), 1, 409);
INSERT INTO RENTAL_LOG (rentalID, passNo, rentalTime, returnTime, isReturned, eID) VALUES (888, 'P-0038', TO_TIMESTAMP('2024-01-29 09:02:00', 'YYYY-MM-DD HH24:MI:SS'), TO_TIMESTAMP('2024-01-29 16:52:00', 'YYYY-MM-DD HH24:MI:SS'), 1, 411);
INSERT INTO RENTAL_LOG (rentalID, passNo, rentalTime, returnTime, isReturned, eID) VALUES (889, 'P-0042', TO_TIMESTAMP('2024-01-31 08:52:00', 'YYYY-MM-DD HH24:MI:SS'), TO_TIMESTAMP('2024-01-31 16:48:00', 'YYYY-MM-DD HH24:MI:SS'), 1, 417);
INSERT INTO RENTAL_LOG (rentalID, passNo, rentalTime, returnTime, isReturned, eID) VALUES (890, 'P-0044', TO_TIMESTAMP('2024-01-31 08:34:00', 'YYYY-MM-DD HH24:MI:SS'), TO_TIMESTAMP('2024-01-31 16:32:00', 'YYYY-MM-DD HH24:MI:SS'), 1, 420);
INSERT INTO RENTAL_LOG (rentalID, passNo, rentalTime, returnTime, isReturned, eID) VALUES (891, 'P-0051', TO_TIMESTAMP('2024-02-02 09:23:00', 'YYYY-MM-DD HH24:MI:SS'), TO_TIMESTAMP('2024-02-02 17:13:00', 'YYYY-MM-DD HH24:MI:SS'), 1, 427);
INSERT INTO RENTAL_LOG (rentalID, passNo, rentalTime, returnTime, isReturned, eID) VALUES (892, 'P-0053', TO_TIMESTAMP('2024-02-02 09:01:00', 'YYYY-MM-DD HH24:MI:SS'), TO_TIMESTAMP('2024-02-02 16:51:00', 'YYYY-MM-DD HH24:MI:SS'), 1, 429);
INSERT INTO RENTAL_LOG (rentalID, passNo, rentalTime, returnTime, isReturned, eID) VALUES (893, 'P-0057', TO_TIMESTAMP('2024-02-04 08:53:00', 'YYYY-MM-DD HH24:MI:SS'), TO_TIMESTAMP('2024-02-04 16:49:00', 'YYYY-MM-DD HH24:MI:SS'), 1, 433);
INSERT INTO RENTAL_LOG (rentalID, passNo, rentalTime, returnTime, isReturned, eID) VALUES (894, 'P-0059', TO_TIMESTAMP('2024-02-04 08:36:00', 'YYYY-MM-DD HH24:MI:SS'), TO_TIMESTAMP('2024-02-04 16:34:00', 'YYYY-MM-DD HH24:MI:SS'), 1, 435);
INSERT INTO RENTAL_LOG (rentalID, passNo, rentalTime, returnTime, isReturned, eID) VALUES (895, 'P-0066', TO_TIMESTAMP('2024-02-05 09:24:00', 'YYYY-MM-DD HH24:MI:SS'), TO_TIMESTAMP('2024-02-05 17:14:00', 'YYYY-MM-DD HH24:MI:SS'), 1, 442);
INSERT INTO RENTAL_LOG (rentalID, passNo, rentalTime, returnTime, isReturned, eID) VALUES (896, 'P-0068', TO_TIMESTAMP('2024-02-05 09:03:00', 'YYYY-MM-DD HH24:MI:SS'), TO_TIMESTAMP('2024-02-05 16:53:00', 'YYYY-MM-DD HH24:MI:SS'), 1, 444);
INSERT INTO RENTAL_LOG (rentalID, passNo, rentalTime, returnTime, isReturned, eID) VALUES (897, 'P-0072', TO_TIMESTAMP('2024-02-07 08:54:00', 'YYYY-MM-DD HH24:MI:SS'), TO_TIMESTAMP('2024-02-07 16:50:00', 'YYYY-MM-DD HH24:MI:SS'), 1, 448);
INSERT INTO RENTAL_LOG (rentalID, passNo, rentalTime, returnTime, isReturned, eID) VALUES (898, 'P-0074', TO_TIMESTAMP('2024-02-07 08:37:00', 'YYYY-MM-DD HH24:MI:SS'), TO_TIMESTAMP('2024-02-07 16:36:00', 'YYYY-MM-DD HH24:MI:SS'), 1, 450);
INSERT INTO RENTAL_LOG (rentalID, passNo, rentalTime, returnTime, isReturned, eID) VALUES (899, 'P-0001', TO_TIMESTAMP('2024-02-08 09:00:00', 'YYYY-MM-DD HH24:MI:SS'), NULL, 0, 401);
INSERT INTO RENTAL_LOG (rentalID, passNo, rentalTime, returnTime, isReturned, eID) VALUES (900, 'P-0004', TO_TIMESTAMP('2024-02-08 09:05:00', 'YYYY-MM-DD HH24:MI:SS'), NULL, 0, 404);
INSERT INTO RENTAL_LOG (rentalID, passNo, rentalTime, returnTime, isReturned, eID) VALUES (901, 'P-0005', TO_TIMESTAMP('2024-02-08 09:10:00', 'YYYY-MM-DD HH24:MI:SS'), NULL, 0, 405);
INSERT INTO RENTAL_LOG (rentalID, passNo, rentalTime, returnTime, isReturned, eID) VALUES (902, 'P-0007', TO_TIMESTAMP('2024-02-08 09:15:00', 'YYYY-MM-DD HH24:MI:SS'), NULL, 0, 407);
INSERT INTO RENTAL_LOG (rentalID, passNo, rentalTime, returnTime, isReturned, eID) VALUES (903, 'P-0009', TO_TIMESTAMP('2024-02-08 09:20:00', 'YYYY-MM-DD HH24:MI:SS'), NULL, 0, 409);
INSERT INTO RENTAL_LOG (rentalID, passNo, rentalTime, returnTime, isReturned, eID) VALUES (904, 'P-0010', TO_TIMESTAMP('2024-02-08 09:25:00', 'YYYY-MM-DD HH24:MI:SS'), NULL, 0, 410);
INSERT INTO RENTAL_LOG (rentalID, passNo, rentalTime, returnTime, isReturned, eID) VALUES (905, 'P-0012', TO_TIMESTAMP('2024-02-08 09:30:00', 'YYYY-MM-DD HH24:MI:SS'), NULL, 0, 412);
INSERT INTO RENTAL_LOG (rentalID, passNo, rentalTime, returnTime, isReturned, eID) VALUES (906, 'P-0013', TO_TIMESTAMP('2024-02-08 09:35:00', 'YYYY-MM-DD HH24:MI:SS'), NULL, 0, 415);
INSERT INTO RENTAL_LOG (rentalID, passNo, rentalTime, returnTime, isReturned, eID) VALUES (907, 'P-0015', TO_TIMESTAMP('2024-02-08 09:40:00', 'YYYY-MM-DD HH24:MI:SS'), NULL, 0, 420);
INSERT INTO RENTAL_LOG (rentalID, passNo, rentalTime, returnTime, isReturned, eID) VALUES (908, 'P-0016', TO_TIMESTAMP('2024-02-08 09:45:00', 'YYYY-MM-DD HH24:MI:SS'), NULL, 0, 421);
INSERT INTO RENTAL_LOG (rentalID, passNo, rentalTime, returnTime, isReturned, eID) VALUES (909, 'P-0019', TO_TIMESTAMP('2024-02-08 09:50:00', 'YYYY-MM-DD HH24:MI:SS'), NULL, 0, 423);
INSERT INTO RENTAL_LOG (rentalID, passNo, rentalTime, returnTime, isReturned, eID) VALUES (910, 'P-0020', TO_TIMESTAMP('2024-02-08 09:55:00', 'YYYY-MM-DD HH24:MI:SS'), NULL, 0, 424);
INSERT INTO RENTAL_LOG (rentalID, passNo, rentalTime, returnTime, isReturned, eID) VALUES (911, 'P-0022', TO_TIMESTAMP('2024-02-08 10:00:00', 'YYYY-MM-DD HH24:MI:SS'), NULL, 0, 425);
INSERT INTO RENTAL_LOG (rentalID, passNo, rentalTime, returnTime, isReturned, eID) VALUES (912, 'P-0024', TO_TIMESTAMP('2024-02-08 10:05:00', 'YYYY-MM-DD HH24:MI:SS'), NULL, 0, 426);
INSERT INTO RENTAL_LOG (rentalID, passNo, rentalTime, returnTime, isReturned, eID) VALUES (913, 'P-0025', TO_TIMESTAMP('2024-02-08 10:10:00', 'YYYY-MM-DD HH24:MI:SS'), NULL, 0, 427);
INSERT INTO RENTAL_LOG (rentalID, passNo, rentalTime, returnTime, isReturned, eID) VALUES (914, 'P-0026', TO_TIMESTAMP('2024-02-08 10:15:00', 'YYYY-MM-DD HH24:MI:SS'), NULL, 0, 428);
INSERT INTO RENTAL_LOG (rentalID, passNo, rentalTime, returnTime, isReturned, eID) VALUES (915, 'P-0027', TO_TIMESTAMP('2024-02-08 10:20:00', 'YYYY-MM-DD HH24:MI:SS'), NULL, 0, 432);
COMMIT;

SET DEFINE ON;
